Full Date,Month,Day,Hour,Minute,Radon,2-Sigma Uncert.,Run #,Cycle #,C/A Count,Mode,Calculated Radon,2-Sigma Uncert.,Calculated Thoron,2-Sigma Uncert.,Meaningful Thoron Threshold (Air),Total Counts,Total Counts,Total Counts,Total Counts,Total Counts,Avg. CPM,Avg. CPM,Avg. CPM,Avg. CPM,Avg. CPM,,,,,,[Bq/m3],[Bq/m3],,,Ratio,,[Bq/m3],[Bq/m3],[Bq/m3],[Bq/m3],[Bq/m3],(A),(B),(C),(D),(Other),(A),(B),(C),(D),(Other),

09/28/18 11:42, 09, 28, 11, 42,18.58019,20.32369,01,01,1,34,Thoron,18,6,22,,0,00,0,0,3,97,3,0,4,1,1,0,106,0,00,0,142,0,0354,0,0354,
09/28/18 12:12, 09, 28, 12, 12,21.17833,21.17833,01,02,0,333,Thoron,21,2,21,,0,00,0,0,2,80,6,0,2,0,0,0,212,0,00,0,0707,0,00,0,00,
09/28/18 12:42, 09, 28, 12, 42,15.88375,19.30273,01,03,2,00,Thoron,15,9,19,,0,00,0,0,3,95,2,0,4,0,2,0,0707,0,00,0,141,0,00,0,0707,
09/28/18 13:12, 09, 28, 13, 12,7.941875,15.88375,01,04,2,00,Thoron,7,94,20,,0,00,0,0,2,80,1,0,2,1,0,0,0353,0,00,0,0707,0,0353,0,00,
09/28/18 13:42, 09, 28, 13, 42,13.23646,18.26361,01,05,4,00,Thoron,13,2,21,,0,00,0,0,3,96,1,0,4,1,1,0,0354,0,00,0,141,0,0354,0,0351,
09/28/18 14:12, 09, 28, 14, 12,13.23646,18.26361,01,06,0,250,Thoron,13,2,18,,0,00,0,0,1,98,4,0,1,0,1,0,141,0,00,0,0354,0,00,0,0352,
09/28/18 14:42, 09, 28, 14, 42,13.24814,18.27973,01,07,3,99,Thoron,13,2,21,,0,00,0,0,3,95,1,0,4,1,0,0,0354,0,00,0,141,0,0354,0,00,
09/28/18 15:12, 09, 28, 15, 12,5.299256,14.47784,01,08,1,00,Thoron,5,30,14,,0,00,0,0,1,98,1,0,1,0,1,0,0353,0,00,0,0353,0,00,0,0354,
09/28/18 15:42, 09, 28, 15, 42,15.89777,19.31976,01,09,0,500,Thoron,15,9,21,,0,00,0,0,2,80,4,0,2,1,0,0,141,0,00,0,0707,0,0354,0,00,
09/28/18 16:12, 09, 28, 16, 12,13.24814,18.27973,01,10,1,50,Thoron,13,2,18,,0,00,0,0,3,43,2,0,3,0,2,0,0707,0,00,0,106,0,00,0,0705,
09/28/18 16:42, 09, 28, 16, 42,7.948884,15.89777,01,11,2,00,Thoron,7,95,16,,0,00,0,0,2,80,1,0,2,0,1,0,0353,0,00,0,0707,0,00,0,0353,
09/28/18 17:12, 09, 28, 17, 12,23.84665,22.05698,01,12,1,25,Thoron,23,8,22,,0,00,0,0,4,42,4,0,5,0,1,0,141,0,00,0,177,0,00,0,0353,
09/28/18 17:42, 09, 28, 17, 42,5.299256,14.47784,01,13,0,00,Thoron,5,30,20,,0,00,N/A,0,00,2,0,0,1,1,0,0707,0,00,0,00,0,0353,0,0353,
09/28/18 18:12, 09, 28, 18, 12,21.19702,21.19702,01,14,1,00,Thoron,21,2,21,,10,9,56,,4,27,4,1,4,0,0,0,142,0,0353,0,142,0,00,0,00,
09/28/18 18:42, 09, 28, 18, 42,10.59851,17.14876,01,15,3,00,Thoron,10,6,17,,10,9,55,,3,63,1,1,3,0,0,0,0353,0,0353,0,106,0,00,0,00,
09/28/18 19:12, 09, 28, 19, 12,5.299256,14.47784,01,16,N/A,Thoron,5,30,14,,0,00,0,0,2,80,0,0,2,0,1,0,00,0,00,0,0707,0,00,0,0353,
09/28/18 19:42, 09, 28, 19, 42,23.86772,22.07646,01,17,0,800,Thoron,23,9,24,,0,00,0,0,3,96,5,0,4,1,1,0,177,0,00,0,141,0,0354,0,0350,
09/28/18 20:12, 09, 28, 20, 12,13.25984,18.29588,01,18,1,50,Thoron,13,3,18,,0,00,0,0,3,42,2,0,3,0,1,0,0706,0,00,0,106,0,00,0,0354,
09/28/18 20:42, 09, 28, 20, 42,10.59851,17.14876,01,19,3,00,Thoron,10,6,17,,0,00,0,0,3,42,1,0,3,0,0,0,0353,0,00,0,106,0,00,0,00,
09/28/18 21:12, 09, 28, 21, 12,13.25984,18.29588,01,20,0,667,Thoron,13,3,21,,0,00,0,0,2,79,3,0,2,1,3,0,106,0,00,0,0706,0,0353,0,106,
09/28/18 21:42, 09, 28, 21, 42,7.955906,15.91181,01,21,0,500,Thoron,7,96,16,,0,00,0,0,1,98,2,0,1,0,2,0,0707,0,00,0,0353,0,00,0,0707,
09/28/18 22:12, 09, 28, 22, 12,10.60788,17.1639,01,22,0,00,Thoron,10,6,17,,0,00,N/A,0,00,4,0,0,0,2,0,141,0,00,0,00,0,00,0,0706,
09/28/18 22:42, 09, 28, 22, 42,15.91181,19.33684,01,23,0,499,Thoron,15,9,19,,0,00,0,0,2,79,4,0,2,0,3,0,142,0,00,0,0706,0,00,0,106,
09/28/18 23:12, 09, 28, 23, 12,23.88882,22.09598,01,24,0,800,Thoron,23,9,22,,0,00,0,0,3,97,5,0,4,0,2,0,177,0,00,0,142,0,00,0,0706,
09/28/18 23:42, 09, 28, 23, 42,21.23451,21.23451,01,25,0,599,Thoron,21,2,21,,0,00,0,0,3,43,5,0,3,0,1,0,177,0,00,0,106,0,00,0,0354,
09/29/18 00:12, 09, 29, 00, 12,23.88882,22.09598,01,26,0,800,Thoron,23,9,22,,0,00,0,0,3,97,5,0,4,0,1,0,177,0,00,0,142,0,00,0,0355,
09/29/18 00:42, 09, 29, 00, 42,15.91181,19.33684,01,27,2,00,Thoron,15,9,19,,21,8,60,,4,14,2,2,4,0,1,0,0706,0,0706,0,142,0,00,0,0353,
09/29/18 01:12, 09, 29, 01, 12,15.92588,19.35393,01,28,1,00,Thoron,15,9,19,,0,00,0,0,3,44,3,0,3,0,1,0,106,0,00,0,106,0,00,0,0352,
09/29/18 01:42, 09, 29, 01, 42,7.96294,15.92588,01,29,2,00,Thoron,7,96,16,,0,00,0,0,2,81,1,0,2,0,2,0,0355,0,00,0,0709,0,00,0,0709,
09/29/18 02:12, 09, 29, 02, 12,18.56378,21.21575,01,30,1,67,Thoron,18,6,20,,0,00,0,0,4,42,3,0,5,1,0,0,106,0,00,0,177,0,0353,0,00,
09/29/18 02:42, 09, 29, 02, 42,23.88882,22.09598,01,31,0,800,Thoron,23,9,22,,0,00,0,0,3,97,5,0,4,0,0,0,177,0,00,0,142,0,00,0,00,
09/29/18 03:12, 09, 29, 03, 12,13.27157,18.31206,01,32,1,50,Thoron,13,3,18,,0,00,0,0,3,44,2,0,3,0,2,0,0710,0,00,0,106,0,00,0,0707,
09/29/18 03:42, 09, 29, 03, 42,15.92588,19.35393,01,33,1,00,Thoron,15,9,19,,0,00,0,0,3,44,3,0,3,0,1,0,106,0,00,0,106,0,00,0,0352,
09/29/18 04:12, 09, 29, 04, 12,21.2533,21.2533,01,34,0,599,Thoron,21,3,21,,10,9,55,,3,63,5,1,3,0,0,0,177,0,0354,0,106,0,00,0,00,
09/29/18 04:42, 09, 29, 04, 42,10.62665,17.19428,01,35,0,333,Thoron,10,6,20,,0,00,0,0,1,98,3,0,1,1,0,0,106,0,00,0,0355,0,0355,0,00,
09/29/18 05:12, 09, 29, 05, 12,13.28331,18.32826,01,36,0,250,Thoron,13,3,18,,0,00,0,0,1,98,4,0,1,0,2,0,142,0,00,0,0355,0,00,0,0707,
09/29/18 05:42, 09, 29, 05, 42,23.90996,22.11553,01,37,2,00,Thoron,23,9,22,,0,00,0,0,4,86,3,0,6,0,3,0,106,0,00,0,213,0,00,0,106,
09/29/18 06:12, 09, 29, 06, 12,18.59664,20.34167,01,38,2,50,Thoron,18,6,22,,10,9,57,,4,84,2,1,5,1,1,0,0709,0,0355,0,177,0,0355,0,0355,
09/29/18 06:42, 09, 29, 06, 42,23.90996,22.11553,01,39,1,25,Thoron,23,9,22,,0,00,0,0,4,44,4,0,5,0,0,0,142,0,00,0,177,0,00,0,00,
09/29/18 07:12, 09, 29, 07, 12,13.28331,18.32826,01,40,1,50,Thoron,13,3,21,,0,00,0,0,3,44,2,0,3,1,0,0,0709,0,00,0,106,0,0355,0,00,
09/29/18 07:42, 09, 29, 07, 42,18.59664,20.34167,01,41,2,50,Thoron,18,6,20,,0,00,0,0,4,44,2,0,5,0,2,0,0709,0,00,0,177,0,00,0,0709,
09/29/18 08:12, 09, 29, 08, 12,29.24917,23.74023,01,42,1,75,Thoron,29,2,24,,0,00,0,0,5,25,4,0,7,0,0,0,142,0,00,0,248,0,00,0,00,
09/29/18 08:42, 09, 29, 08, 42,10.61725,17.17908,01,43,3,00,Thoron,10,6,17,,0,00,0,0,3,44,1,0,3,0,1,0,0355,0,00,0,106,0,00,0,0355,
09/29/18 09:12, 09, 29, 09, 12,18.61311,20.35969,01,44,N/A,Thoron,18,6,20,,0,00,0,0,5,25,0,0,7,0,0,0,00,0,00,0,248,0,00,0,00,
09/29/18 09:42, 09, 29, 09, 42,7.969987,15.93997,01,45,N/A,Thoron,7,97,16,,0,00,0,0,3,44,0,0,3,0,0,0,00,0,00,0,106,0,00,0,00,
09/29/18 10:12, 09, 29, 10, 12,5.318032,14.52913,01,46,0,00,Thoron,5,32,15,,0,00,N/A,0,00,2,0,0,0,0,0,0709,0,00,0,00,0,00,0,00,
09/29/18 10:42, 09, 29, 10, 42,18.6627,20.41394,01,47,1,33,Thoron,18,7,20,,0,00,0,0,3,98,3,0,4,0,0,0,107,0,00,0,142,0,00,0,00,
09/29/18 11:12, 09, 29, 11, 12,15.95409,19.38822,01,48,2,00,Thoron,16,0,19,,10,9,56,,4,26,2,1,4,0,1,0,0709,0,0355,0,142,0,00,0,0355,
09/29/18 11:42, 09, 29, 11, 42,13.29508,18.34449,01,49,4,00,Thoron,13,3,18,,0,00,0,0,3,97,1,0,4,0,0,0,0355,0,00,0,142,0,00,0,00,
09/29/18 12:12, 09, 29, 12, 12,23.93114,22.13512,01,50,0,286,Thoron,23,9,22,,0,00,0,0,2,81,7,0,2,0,1,0,248,0,00,0,0709,0,00,0,0355,
09/29/18 12:42, 09, 29, 12, 42,18.59664,20.34167,01,51,2,50,Thoron,18,6,20,,10,9,57,,4,84,2,1,5,0,0,0,0709,0,0355,0,177,0,00,0,00,
09/29/18 13:12, 09, 29, 13, 12,13.30687,18.36076,01,52,1,50,Thoron,13,3,18,,0,00,0,0,3,44,2,0,3,0,1,0,0709,0,00,0,106,0,00,0,0355,
09/29/18 13:43, 09, 29, 13, 43,15.96824,19.40541,01,53,0,499,Thoron,16,0,19,,0,00,0,0,2,80,4,0,2,0,0,0,142,0,00,0,0709,0,00,0,00,
09/29/18 14:13, 09, 29, 14, 13,26.61373,22.9763,01,54,0,429,Thoron,26,6,23,,0,00,0,0,3,44,7,0,3,0,2,0,248,0,00,0,106,0,00,0,0711,
09/29/18 14:43, 09, 29, 14, 43,15.96824,19.40541,01,55,1,00,Thoron,16,0,19,,0,00,0,0,3,44,3,0,3,0,2,0,106,0,00,0,106,0,00,0,0709,
09/29/18 15:13, 09, 29, 15, 13,18.62961,20.37774,01,56,0,750,Thoron,18,6,22,,10,9,55,,3,63,4,1,3,1,1,0,142,0,0355,0,106,0,0355,0,0355,
09/29/18 15:43, 09, 29, 15, 43,26.61373,22.9763,01,57,1,00,Thoron,26,6,23,,0,00,0,0,4,44,5,0,5,0,0,0,177,0,00,0,177,0,00,0,00,
09/29/18 16:13, 09, 29, 16, 13,23.97361,22.1744,01,58,1,25,Thoron,24,0,22,,10,9,57,,4,84,4,1,5,0,3,0,142,0,0356,0,178,0,00,0,106,
09/29/18 16:43, 09, 29, 16, 43,15.96824,19.40541,01,59,0,200,Thoron,16,0,19,,0,00,0,0,1,99,5,0,1,0,0,0,177,0,00,0,0355,0,00,0,00,
09/29/18 17:13, 09, 29, 17, 13,15.9824,19.42262,01,60,2,00,Thoron,16,0,19,,0,00,0,0,3,98,2,0,4,0,0,0,0711,0,00,0,142,0,00,0,00,
09/29/18 17:43, 09, 29, 17, 43,15.95409,19.38822,01,61,1,00,Thoron,16,0,19,,0,00,0,0,3,44,3,0,3,0,1,0,106,0,00,0,106,0,00,0,0352,
09/29/18 18:13, 09, 29, 18, 13,13.30687,18.36076,01,62,0,250,Thoron,13,3,18,,0,00,0,0,1,98,4,0,1,0,0,0,142,0,00,0,0355,0,00,0,00,
09/29/18 18:43, 09, 29, 18, 43,5.327468,14.55491,01,63,1,00,Thoron,5,33,15,,0,00,0,0,1,99,1,0,1,0,1,0,0356,0,00,0,0356,0,00,0,0357,
09/29/18 19:13, 09, 29, 19, 13,21.30987,21.30987,01,64,3,00,Thoron,21,3,21,,0,00,0,0,4,88,2,0,6,0,1,0,0711,0,00,0,214,0,00,0,0356,
09/29/18 19:43, 09, 29, 19, 43,10.64549,17.22477,01,65,0,334,Thoron,10,6,17,,0,00,0,0,1,99,3,0,1,0,2,0,106,0,00,0,0355,0,00,0,0709,
09/29/18 20:13, 09, 29, 20, 13,26.63734,22.99668,01,66,1,00,Thoron,26,6,23,,10,9,57,,4,84,5,1,5,0,2,0,178,0,0356,0,178,0,00,0,0708,
09/29/18 20:43, 09, 29, 20, 43,29.30108,23.78236,01,67,0,375,Thoron,29,3,24,,10,9,55,,3,65,8,1,3,0,0,0,285,0,0354,0,107,0,00,0,00,
09/29/18 21:13, 09, 29, 21, 13,7.991202,15.9824,01,68,2,00,Thoron,7,99,20,,0,00,0,0,2,82,1,0,2,1,0,0,0356,0,00,0,0712,0,0356,0,00,
09/29/18 21:43, 09, 29, 21, 43,10.64549,17.22477,01,69,0,333,Thoron,10,6,17,,0,00,0,0,1,98,3,0,1,0,0,0,106,0,00,0,0355,0,00,0,00,
09/29/18 22:13, 09, 29, 22, 13,26.661,23.0171,01,70,1,50,Thoron,26,7,23,,0,00,0,0,4,88,4,0,6,0,1,0,142,0,00,0,214,0,00,0,0352,
09/29/18 22:43, 09, 29, 22, 43,13.3305,18.39337,01,71,1,50,Thoron,13,3,18,,0,00,0,0,3,45,2,0,3,0,5,0,0712,0,00,0,107,0,00,0,178,
09/29/18 23:13, 09, 29, 23, 13,7.9983,15.9966,01,72,0,499,Thoron,8,00,16,,0,00,0,0,1,99,2,0,1,0,0,0,0712,0,00,0,0356,0,00,0,00,
09/29/18 23:43, 09, 29, 23, 43,13.30687,18.36076,01,73,3,99,Thoron,13,3,18,,0,00,0,0,3,97,1,0,4,0,1,0,0355,0,00,0,142,0,00,0,0353,
09/30/18 00:13, 09, 30, 00, 13,15.9966,19.43987,01,74,0,200,Thoron,16,0,19,,0,00,0,0,1,99,5,0,1,0,2,0,178,0,00,0,0356,0,00,0,0712,
09/30/18 00:43, 09, 30, 00, 43,13.3305,18.39337,01,75,1,50,Thoron,13,3,18,,0,00,0,0,3,45,2,0,3,0,2,0,0712,0,00,0,107,0,00,0,0710,
09/30/18 01:13, 09, 30, 01, 13,18.67929,20.43209,01,76,1,33,Thoron,18,7,20,,11,0,57,,4,30,3,1,4,0,0,0,107,0,0356,0,142,0,00,0,00,
09/30/18 01:43, 09, 30, 01, 43,10.6644,17.25536,01,77,0,00,Thoron,10,7,20,,0,00,N/A,0,00,4,0,0,1,1,0,142,0,00,0,00,0,0357,0,0354,
09/30/18 02:13, 09, 30, 02, 13,29.35317,23.82464,01,78,1,20,Thoron,29,4,24,,11,0,58,,5,41,5,1,6,0,3,0,178,0,0358,0,214,0,00,0,107,
09/30/18 02:43, 09, 30, 02, 43,8.005409,16.01082,01,79,2,00,Thoron,8,01,16,,0,00,0,0,2,82,1,0,2,0,0,0,0356,0,00,0,0712,0,00,0,00,
09/30/18 03:13, 09, 30, 03, 13,18.64614,20.39582,01,80,0,399,Thoron,18,6,20,,0,00,0,0,2,81,5,0,2,0,2,0,178,0,00,0,0711,0,00,0,0711,
09/30/18 03:43, 09, 30, 03, 43,16.01082,19.45715,01,81,2,00,Thoron,16,0,19,,0,00,0,0,3,98,2,0,4,0,0,0,0711,0,00,0,142,0,00,0,00,
09/30/18 04:13, 09, 30, 04, 13,24.01623,22.21383,01,82,1,25,Thoron,24,0,22,,11,0,58,,4,91,4,1,5,0,2,0,142,0,0354,0,178,0,00,0,0713,
09/30/18 04:43, 09, 30, 04, 43,18.67929,20.43209,01,83,0,750,Thoron,18,7,20,,0,00,0,0,3,45,4,0,3,0,1,0,142,0,00,0,107,0,00,0,0356,
09/30/18 05:13, 09, 30, 05, 13,13.3305,18.39337,01,84,0,667,Thoron,13,3,18,,0,00,0,0,2,82,3,0,2,0,0,0,107,0,00,0,0712,0,00,0,00,
09/30/18 05:43, 09, 30, 05, 43,21.34776,21.34776,01,85,3,00,Thoron,21,3,21,,0,00,0,0,4,88,2,0,6,0,0,0,0712,0,00,0,214,0,00,0,00,
09/30/18 06:13, 09, 30, 06, 13,16.01082,19.45715,01,86,0,500,Thoron,16,0,19,,0,00,0,0,2,82,4,0,2,0,1,0,142,0,00,0,0712,0,00,0,0354,
09/30/18 06:43, 09, 30, 06, 43,16.01082,19.45715,01,87,1,00,Thoron,16,0,19,,0,00,0,0,3,45,3,0,3,0,0,0,107,0,00,0,107,0,00,0,00,
09/30/18 07:13, 09, 30, 07, 13,21.34776,21.34776,01,88,1,00,Thoron,21,3,21,,0,00,0,0,3,98,4,0,4,0,1,0,143,0,00,0,143,0,00,0,0352,
09/30/18 07:43, 09, 30, 07, 43,16.02506,19.47447,01,89,2,00,Thoron,16,0,21,,0,00,0,0,3,98,2,0,4,1,2,0,0711,0,00,0,143,0,0356,0,0711,
09/30/18 08:13, 09, 30, 08, 13,13.35422,19.47447,01,90,5,01,Thoron,13,4,18,,11,0,57,,4,89,1,1,5,1,1,0,0356,0,0356,0,178,0,0356,0,0356,
09/30/18 08:43, 09, 30, 08, 43,24.0376,22.23359,01,91,0,800,Thoron,24,0,22,,0,00,0,0,3,98,5,0,4,0,0,0,178,0,00,0,143,0,00,0,00,
09/30/18 09:13, 09, 30, 09, 13,16.02506,19.47447,01,92,N/A,Thoron,16,0,19,,0,00,0,0,4,88,0,0,6,0,0,0,00,0,00,0,214,0,00,0,00,
09/30/18 09:43, 09, 30, 09, 43,16.02506,19.47447,01,93,0,500,Thoron,16,0,19,,0,00,0,0,2,82,4,0,2,0,1,0,142,0,00,0,0712,0,00,0,0354,
09/30/18 10:13, 09, 30, 10, 13,18.69591,20.45026,01,94,0,750,Thoron,18,7,20,,0,00,0,0,3,45,4,0,3,0,0,0,142,0,00,0,107,0,00,0,00,
09/30/18 10:43, 09, 30, 10, 43,10.68338,17.28607,01,95,3,00,Thoron,10,7,17,,0,00,0,0,3,45,1,0,3,0,0,0,0356,0,00,0,107,0,00,0,00,
09/30/18 11:13, 09, 30, 11, 13,13.35422,18.4261,01,96,0,667,Thoron,13,4,18,,11,0,55,,2,95,3,1,2,0,2,0,107,0,0356,0,0712,0,00,0,0712,
09/30/18 11:43, 09, 30, 11, 43,10.69289,17.30146,01,97,1,00,Thoron,10,7,17,,0,00,0,0,2,82,2,0,2,0,2,0,0714,0,00,0,0714,0,00,0,0716,
09/30/18 12:13, 09, 30, 12, 13,10.68338,17.28607,01,98,0,333,Thoron,10,7,17,,0,00,0,0,1,99,3,0,1,0,3,0,107,0,00,0,0356,0,00,0,107,
09/30/18 12:43, 09, 30, 12, 43,24.059,22.25339,01,99,0,800,Thoron,24,1,22,,0,00,0,0,4,00,5,0,4,0,0,0,179,0,00,0,143,0,00,0,00,
09/30/18 13:13, 09, 30, 13, 13,16.03933,19.49181,02,01,1,00,Thoron,16,0,20,,0,00,0,0,3,46,3,0,3,0,3,0,107,0,00,0,107,0,00,0,107,
09/30/18 13:43, 09, 30, 13, 43,29.12021,23.63556,02,02,1,20,Thoron,29,1,24,,0,00,0,0,4,84,5,0,6,0,1,0,177,0,00,0,212,0,00,0,0352,
09/30/18 14:13, 09, 30, 14, 13,7.941875,15.88375,02,03,2,00,Thoron,7,94,16,,0,00,0,0,2,80,1,0,2,0,0,0,0353,0,00,0,0707,0,00,0,00,
09/30/18 14:43, 09, 30, 14, 43,15.88375,19.30273,02,04,5,00,Thoron,15,9,19,,0,00,0,0,4,42,1,0,5,0,4,0,0353,0,00,0,177,0,00,0,141,
09/30/18 15:13, 09, 30, 15, 13,5.294583,14.46507,02,05,N/A,Thoron,3,81,14,,10,9,54,,2,92,0,1,2,1,1,0,00,0,0353,0,0707,0,0353,0,0353,
09/30/18 15:44, 09, 30, 15, 44,18.53104,21.17833,02,06,0,333,Thoron,18,5,20,,10,9,54,,2,92,6,1,2,1,1,0,212,0,0354,0,0707,0,0354,0,0350,
09/30/18 16:14, 09, 30, 16, 14,2.647291,12.78225,02,07,N/A,Thoron,2,65,13,,10,9,53,,2,03,0,1,1,0,0,0,00,0,0353,0,0353,0,00,0,00,
09/30/18 16:44, 09, 30, 16, 44,10.59851,17.14876,02,08,1,00,Thoron,10,6,17,,0,00,0,0,2,80,2,0,2,0,3,0,0707,0,00,0,0707,0,00,0,106,
09/30/18 17:14, 09, 30, 17, 14,23.84665,22.05698,02,09,0,800,Thoron,23,8,22,,0,00,0,0,3,96,5,0,4,0,0,0,177,0,00,0,142,0,00,0,00,
09/30/18 17:44, 09, 30, 17, 44,21.19702,21.19702,02,10,1,67,Thoron,21,2,21,,0,00,0,0,4,42,3,0,5,0,0,0,106,0,00,0,177,0,00,0,00,
09/30/18 18:14, 09, 30, 18, 14,21.19702,21.19702,02,11,7,00,Thoron,21,2,23,,0,00,0,0,5,23,1,0,7,1,1,0,0353,0,00,0,247,0,0353,0,0353,
09/30/18 18:44, 09, 30, 18, 44,10.59851,17.14876,02,12,1,00,Thoron,10,6,17,,0,00,0,0,2,80,2,0,2,0,1,0,0707,0,00,0,0707,0,00,0,0353,
09/30/18 19:14, 09, 30, 19, 14,23.84665,22.05698,02,13,3,50,Thoron,23,8,22,,0,00,0,0,5,23,2,0,7,0,1,0,0707,0,00,0,247,0,00,0,0353,
09/30/18 19:44, 09, 30, 19, 44,18.53104,20.26993,02,14,0,400,Thoron,18,5,20,,0,00,0,0,2,80,5,0,2,0,5,0,177,0,00,0,0708,0,00,0,176,
09/30/18 20:14, 09, 30, 20, 14,13.24814,18.27973,02,15,0,00,Thoron,13,2,18,,0,00,N/A,0,00,5,0,0,0,1,0,177,0,00,0,00,0,00,0,0354,
09/30/18 20:44, 09, 30, 20, 44,23.86772,22.07646,02,16,0,800,Thoron,23,9,22,,0,00,0,0,3,96,5,0,4,0,0,0,177,0,00,0,142,0,00,0,00,
09/30/18 21:14, 09, 30, 21, 14,23.86772,22.07646,02,17,2,00,Thoron,23,9,22,,0,00,0,0,4,84,3,0,6,0,1,0,106,0,00,0,212,0,00,0,0353,
09/30/18 21:44, 09, 30, 21, 44,23.86772,22.07646,02,18,1,25,Thoron,23,9,24,,0,00,0,0,4,42,4,0,5,1,0,0,141,0,00,0,177,0,0353,0,00,
09/30/18 22:14, 09, 30, 22, 14,10.60788,17.1639,02,19,1,00,Thoron,10,6,17,,10,9,54,,2,92,2,1,2,0,0,0,0707,0,0353,0,0707,0,00,0,00,
09/30/18 22:44, 09, 30, 22, 44,21.21575,21.21575,02,20,0,333,Thoron,21,2,21,,0,00,0,0,2,80,6,0,2,0,2,0,212,0,00,0,0707,0,00,0,0707,
09/30/18 23:14, 09, 30, 23, 14,10.61725,17.17908,02,21,3,00,Thoron,10,6,17,,0,00,0,0,3,44,1,0,3,0,0,0,0355,0,00,0,106,0,00,0,00,
09/30/18 23:44, 09, 30, 23, 44,7.955906,15.91181,02,22,2,00,Thoron,7,96,16,,0,00,0,0,2,80,1,0,2,0,0,0,0353,0,00,0,0707,0,00,0,00,
10/01/18 00:14, 10, 01, 00, 14,13.25984,18.29588,02,23,0,666,Thoron,13,3,18,,0,00,0,0,2,79,3,0,2,0,1,0,106,0,00,0,0706,0,00,0,0354,
10/01/18 00:44, 10, 01, 00, 44,13.25984,18.29588,02,24,4,00,Thoron,13,3,18,,0,00,0,0,3,96,1,0,4,0,2,0,0354,0,00,0,141,0,00,0,0705,
10/01/18 01:14, 10, 01, 01, 14,15.92588,19.35393,02,25,0,200,Thoron,15,9,19,,0,00,0,0,1,98,5,0,1,0,4,0,177,0,00,0,0355,0,00,0,142,
10/01/18 01:44, 10, 01, 01, 44,10.60788,17.1639,02,26,1,00,Thoron,10,6,17,,0,00,0,0,2,79,2,0,2,0,2,0,0706,0,00,0,0706,0,00,0,0708,
10/01/18 02:14, 10, 01, 02, 14,21.23451,22.09598,02,27,1,25,Thoron,21,2,21,,0,00,0,0,4,44,4,0,5,1,3,0,142,0,00,0,177,0,0355,0,106,
10/01/18 02:44, 10, 01, 02, 44,10.61725,17.17908,02,28,0,333,Thoron,10,6,17,,10,9,53,,2,03,3,1,1,0,0,0,106,0,0355,0,0355,0,00,0,00,
10/01/18 03:14, 10, 01, 03, 14,7.955906,15.91181,02,29,2,00,Thoron,7,96,16,,0,00,0,0,2,80,1,0,2,0,0,0,0353,0,00,0,0707,0,00,0,00,
10/01/18 03:44, 10, 01, 03, 44,15.92588,19.35393,02,30,0,500,Thoron,15,9,19,,0,00,0,0,2,81,4,0,2,0,1,0,142,0,00,0,0710,0,00,0,0352,
10/01/18 04:14, 10, 01, 04, 14,21.23451,21.23451,02,31,1,00,Thoron,21,2,21,,0,00,0,0,3,97,4,0,4,0,1,0,142,0,00,0,142,0,00,0,0351,
10/01/18 04:44, 10, 01, 04, 44,15.92588,19.35393,02,32,1,00,Thoron,15,9,19,,0,00,0,0,3,44,3,0,3,0,1,0,106,0,00,0,106,0,00,0,0352,
10/01/18 05:14, 10, 01, 05, 14,13.28331,18.32826,02,33,0,249,Thoron,13,3,18,,0,00,0,0,1,98,4,0,1,0,4,0,142,0,00,0,0354,0,00,0,142,
10/01/18 05:44, 10, 01, 05, 44,23.90996,22.11553,02,34,2,00,Thoron,23,9,22,,0,00,0,0,4,86,3,0,6,0,0,0,106,0,00,0,213,0,00,0,00,
10/01/18 06:14, 10, 01, 06, 14,10.62665,17.19428,02,35,1,00,Thoron,10,6,17,,0,00,0,0,2,80,2,0,2,0,2,0,0709,0,00,0,0709,0,00,0,0711,
10/01/18 06:44, 10, 01, 06, 44,18.59664,20.34167,02,36,0,750,Thoron,18,6,20,,0,00,0,0,3,44,4,0,3,0,0,0,142,0,00,0,106,0,00,0,00,
10/01/18 07:14, 10, 01, 07, 14,13.28331,18.32826,02,37,1,50,Thoron,13,3,21,,0,00,0,0,3,44,2,0,3,1,0,0,0709,0,00,0,106,0,0355,0,00,
10/01/18 07:44, 10, 01, 07, 44,7.969987,15.93997,02,38,2,00,Thoron,7,97,16,,10,9,54,,2,92,1,1,2,0,0,0,0355,0,0355,0,0709,0,00,0,00,
10/01/18 08:14, 10, 01, 08, 14,13.30687,18.36076,02,39,1,50,Thoron,13,3,18,,10,9,55,,3,63,2,1,3,0,1,0,0710,0,0355,0,106,0,00,0,0352,
10/01/18 08:44, 10, 01, 08, 44,7.969987,15.93997,02,40,N/A,Thoron,7,97,16,,0,00,0,0,3,44,0,0,3,0,1,0,00,0,00,0,106,0,00,0,0355,
10/01/18 09:14, 10, 01, 09, 14,2.656662,12.8275,02,41,0,00,Thoron,2,66,13,,0,00,N/A,0,00,1,0,0,0,0,0,0355,0,00,0,00,0,00,0,00,
10/01/18 09:44, 10, 01, 09, 44,13.28331,18.32826,02,42,0,666,Thoron,13,3,18,,0,00,0,0,2,80,3,0,2,0,1,0,106,0,00,0,0709,0,00,0,0355,
10/01/18 10:14, 10, 01, 10, 14,21.23451,21.23451,02,43,1,67,Thoron,21,2,21,,0,00,0,0,4,44,3,0,5,0,0,0,106,0,00,0,177,0,00,0,00,
10/01/18 10:44, 10, 01, 10, 44,7.977047,15.95409,02,44,0,00,Thoron,7,98,16,,0,00,N/A,0,00,3,0,0,0,0,0,106,0,00,0,00,0,00,0,00,
10/01/18 11:14, 10, 01, 11, 14,21.27213,21.27213,02,45,1,00,Thoron,21,3,21,,0,00,0,0,3,97,4,0,4,0,0,0,142,0,00,0,142,0,00,0,00,
10/01/18 11:44, 10, 01, 11, 44,23.93114,22.13512,02,46,1,25,Thoron,23,9,22,,21,9,60,,4,67,4,2,5,0,1,0,142,0,0711,0,177,0,00,0,0353,
10/01/18 12:14, 10, 01, 12, 14,13.35422,18.4261,02,47,1,50,Thoron,13,4,18,,0,00,0,0,3,45,2,0,3,0,1,0,0711,0,00,0,107,0,00,0,0357,
10/01/18 12:44, 10, 01, 12, 44,15.95409,20.35969,02,48,0,400,Thoron,16,0,19,,10,9,54,,2,92,5,1,2,1,2,0,177,0,0355,0,0710,0,0355,0,0706,
10/01/18 13:14, 10, 01, 13, 14,26.59016,22.95595,02,49,1,50,Thoron,26,6,23,,0,00,0,0,4,86,4,0,6,0,0,0,142,0,00,0,213,0,00,0,00,
10/01/18 13:44, 10, 01, 13, 44,21.2533,21.2533,02,50,1,00,Thoron,21,3,21,,0,00,0,0,3,97,4,0,4,0,1,0,142,0,00,0,142,0,00,0,0351,
10/01/18 14:14, 10, 01, 14, 14,13.29508,18.34449,02,51,4,00,Thoron,13,3,18,,0,00,0,0,3,97,1,0,4,0,0,0,0355,0,00,0,142,0,00,0,00,
10/01/18 14:44, 10, 01, 14, 44,21.29098,21.29098,02,52,0,600,Thoron,21,3,21,,0,00,0,0,3,44,5,0,3,0,0,0,177,0,00,0,106,0,00,0,00,
10/01/18 15:14, 10, 01, 15, 14,10.64549,17.22477,02,53,0,334,Thoron,10,6,17,,10,9,53,,2,03,3,1,1,0,1,0,106,0,0355,0,0355,0,00,0,0353,
10/01/18 15:44, 10, 01, 15, 44,13.30687,18.36076,02,54,0,250,Thoron,13,3,18,,0,00,0,0,1,98,4,0,1,0,2,0,142,0,00,0,0355,0,00,0,0707,
10/01/18 16:14, 10, 01, 16, 14,18.62961,20.37774,02,55,1,33,Thoron,18,6,20,,0,00,0,0,3,97,3,0,4,0,3,0,106,0,00,0,142,0,00,0,106,
10/01/18 16:44, 10, 01, 16, 44,21.27213,21.27213,02,56,1,00,Thoron,21,3,23,,0,00,0,0,3,97,4,0,4,1,1,0,142,0,00,0,142,0,0355,0,0355,
10/01/18 17:14, 10, 01, 17, 14,29.2751,24.51418,02,57,0,333,Thoron,29,3,24,,0,00,0,0,3,43,9,0,3,1,1,0,319,0,00,0,106,0,0357,0,0352,
10/01/18 17:44, 10, 01, 17, 44,7.984119,15.96824,02,58,0,500,Thoron,7,98,16,,10,9,53,,2,03,2,1,1,0,0,0,0709,0,0355,0,0355,0,00,0,00,
10/01/18 18:14, 10, 01, 18, 14,23.95235,22.15475,02,59,2,00,Thoron,24,0,22,,0,00,0,0,4,86,3,0,6,0,0,0,106,0,00,0,213,0,00,0,00,
10/01/18 18:44, 10, 01, 18, 44,15.9824,19.42262,02,60,0,00,Thoron,16,0,19,,0,00,N/A,0,00,6,0,0,0,0,0,214,0,00,0,00,0,00,0,00,
10/01/18 19:14, 10, 01, 19, 14,13.31867,18.37705,02,61,3,99,Thoron,13,3,18,,0,00,0,0,3,98,1,0,4,0,1,0,0357,0,00,0,142,0,00,0,0354,
10/01/18 19:44, 10, 01, 19, 44,15.96824,19.40541,02,62,0,499,Thoron,16,0,19,,0,00,0,0,2,80,4,0,2,0,3,0,142,0,00,0,0709,0,00,0,106,
10/01/18 20:14, 10, 01, 20, 14,18.6627,20.41394,02,63,2,50,Thoron,18,7,20,,0,00,0,0,4,45,2,0,5,0,1,0,0712,0,00,0,178,0,00,0,0356,
10/01/18 20:44, 10, 01, 20, 44,13.31867,18.37705,02,64,0,667,Thoron,13,3,18,,0,00,0,0,2,82,3,0,2,0,2,0,107,0,00,0,0712,0,00,0,0710,
10/01/18 21:14, 10, 01, 21, 14,10.65494,17.24005,02,65,1,00,Thoron,10,7,17,,10,9,54,,2,91,2,1,2,0,1,0,0711,0,0357,0,0711,0,00,0,0357,
10/01/18 21:44, 10, 01, 21, 44,23.97361,22.1744,02,66,8,00,Thoron,24,0,24,,0,00,0,0,5,63,1,0,8,1,0,0,0356,0,00,0,285,0,0356,0,00,
10/01/18 22:14, 10, 01, 22, 14,13.31867,18.37705,02,67,1,50,Thoron,13,3,18,,0,00,0,0,3,45,2,0,3,0,1,0,0711,0,00,0,107,0,00,0,0357,
10/01/18 22:45, 10, 01, 22, 45,10.65494,17.24005,02,68,0,333,Thoron,10,7,17,,0,00,0,0,1,99,3,0,1,0,0,0,107,0,00,0,0356,0,00,0,00,
10/01/18 23:15, 10, 01, 23, 15,26.6847,23.03756,02,69,1,50,Thoron,26,7,23,,0,00,0,0,4,88,4,0,6,0,1,0,142,0,00,0,214,0,00,0,0352,
10/01/18 23:45, 10, 01, 23, 45,21.3288,21.3288,02,70,1,00,Thoron,21,3,21,,0,00,0,0,3,98,4,0,4,0,2,0,142,0,00,0,142,0,00,0,0712,
10/02/18 00:15, 10, 02, 00, 15,21.3288,22.1941,02,71,2,00,Thoron,21,3,21,,11,0,58,,5,40,3,1,6,1,3,0,107,0,0359,0,214,0,0359,0,106,
10/02/18 00:45, 10, 02, 00, 45,18.64614,20.39582,02,72,0,400,Thoron,18,6,20,,0,00,0,0,2,82,5,0,2,0,1,0,178,0,00,0,0712,0,00,0,0356,
10/02/18 01:15, 10, 02, 01, 15,7.9983,15.9966,02,73,2,00,Thoron,8,00,16,,0,00,0,0,2,82,1,0,2,0,0,0,0356,0,00,0,0712,0,00,0,00,
10/02/18 01:45, 10, 02, 01, 45,10.6644,17.25536,02,74,3,00,Thoron,10,7,17,,0,00,0,0,3,45,1,0,3,0,1,0,0356,0,00,0,107,0,00,0,0356,
10/02/18 02:15, 10, 02, 02, 15,7.9983,15.9966,02,75,0,500,Thoron,8,00,20,,0,00,0,0,1,99,2,0,1,1,1,0,0712,0,00,0,0356,0,0356,0,0356,
10/02/18 02:45, 10, 02, 02, 45,5.332201,14.56784,02,76,1,00,Thoron,5,33,15,,11,0,54,,2,05,1,1,1,0,4,0,0356,0,0356,0,0356,0,00,0,142,
10/02/18 03:15, 10, 02, 03, 15,7.9983,15.9966,02,77,0,499,Thoron,8,00,16,,0,00,0,0,1,99,2,0,1,0,0,0,0712,0,00,0,0356,0,00,0,00,
10/02/18 03:45, 10, 02, 03, 45,26.661,23.0171,02,78,2,33,Thoron,26,7,23,,0,00,0,0,5,27,3,0,7,0,1,0,107,0,00,0,249,0,00,0,0356,
10/02/18 04:15, 10, 02, 04, 15,16.01082,19.45715,02,79,0,500,Thoron,16,0,19,,0,00,0,0,2,82,4,0,2,0,2,0,142,0,00,0,0712,0,00,0,0712,
10/02/18 04:45, 10, 02, 04, 45,24.01623,22.21383,02,80,2,00,Thoron,24,0,22,,0,00,0,0,4,88,3,0,6,0,1,0,107,0,00,0,214,0,00,0,0356,
10/02/18 05:15, 10, 02, 05, 15,24.01623,22.21383,02,81,0,500,Thoron,24,0,24,,0,00,0,0,3,45,6,0,3,1,2,0,214,0,00,0,107,0,0354,0,0713,
10/02/18 05:45, 10, 02, 05, 45,18.67929,20.43209,02,82,0,400,Thoron,18,7,20,,0,00,0,0,2,82,5,0,2,0,1,0,178,0,00,0,0712,0,00,0,0356,
10/02/18 06:15, 10, 02, 06, 15,31.9932,24.55772,02,83,3,00,Thoron,32,0,25,,0,00,0,0,5,97,3,0,9,0,3,0,107,0,00,0,320,0,00,0,107,
10/02/18 06:45, 10, 02, 06, 45,16.01082,19.45715,02,84,N/A,Thoron,16,0,19,,0,00,0,0,4,88,0,0,6,0,0,0,00,0,00,0,214,0,00,0,00,
10/02/18 07:15, 10, 02, 07, 15,21.34776,21.34776,02,85,1,67,Thoron,21,3,21,,0,00,0,0,4,45,3,0,5,0,1,0,107,0,00,0,178,0,00,0,0356,
10/02/18 07:45, 10, 02, 07, 45,37.35857,26.00682,02,86,0,556,Thoron,37,4,26,,0,00,0,0,4,46,9,0,5,0,2,0,321,0,00,0,178,0,00,0,0706,
10/02/18 08:15, 10, 02, 08, 15,24.01623,22.21383,02,87,1,25,Thoron,24,0,22,,0,00,0,0,4,45,4,0,5,0,1,0,142,0,00,0,178,0,00,0,0356,
10/02/18 08:45, 10, 02, 08, 45,13.35422,18.4261,02,88,3,99,Thoron,13,4,18,,0,00,0,0,3,98,1,0,4,0,1,0,0357,0,00,0,142,0,00,0,0354,
10/02/18 09:15, 10, 02, 09, 15,18.69591,20.45026,02,89,0,750,Thoron,18,7,20,,0,00,0,0,3,45,4,0,3,0,1,0,142,0,00,0,107,0,00,0,0356,
10/02/18 09:45, 10, 02, 09, 45,13.34235,18.40972,02,90,1,50,Thoron,13,3,18,,11,0,56,,3,66,2,1,3,0,1,0,0712,0,0356,0,107,0,00,0,0354,
10/02/18 10:15, 10, 02, 10, 15,18.69591,20.45026,02,91,0,750,Thoron,18,7,20,,0,00,0,0,3,45,4,0,3,0,1,0,142,0,00,0,107,0,00,0,0356,
10/02/18 10:45, 10, 02, 10, 45,8.012532,16.02506,02,92,0,00,Thoron,8,01,16,,0,00,N/A,0,00,3,0,0,0,0,0,107,0,00,0,00,0,00,0,00,
10/02/18 11:15, 10, 02, 11, 15,29.37929,23.84584,02,93,1,20,Thoron,29,4,24,,11,0,58,,5,44,5,1,6,0,1,0,178,0,0356,0,214,0,00,0,0352,
10/02/18 11:45, 10, 02, 11, 45,18.69591,20.45026,02,94,0,400,Thoron,18,7,22,,0,00,0,0,2,82,5,0,2,1,0,0,178,0,00,0,0712,0,0356,0,00,
10/02/18 12:15, 10, 02, 12, 15,13.35422,18.4261,02,95,0,666,Thoron,13,4,18,,0,00,0,0,2,81,3,0,2,0,1,0,107,0,00,0,0711,0,00,0,0357,
10/02/18 12:45, 10, 02, 12, 45,13.36611,18.44251,02,96,1,50,Thoron,13,4,21,,0,00,0,0,3,46,2,0,3,1,0,0,0714,0,00,0,107,0,0358,0,00,
10/02/18 13:15, 10, 02, 13, 15,10.69289,17.30146,02,97,0,334,Thoron,10,7,17,,11,0,54,,2,05,3,1,1,0,1,0,107,0,0358,0,0358,0,00,0,0356,
10/02/18 13:45, 10, 02, 13, 45,21.38578,21.38578,02,98,0,333,Thoron,21,4,23,,0,00,0,0,2,82,6,0,2,1,0,0,214,0,00,0,0714,0,0357,0,00,
10/02/18 14:15, 10, 02, 14, 15,8.055533,16.11107,02,99,2,00,Thoron,8,06,16,,11,0,55,,2,95,1,1,2,0,1,0,0358,0,0358,0,0717,0,00,0,0358,
10/02/18 14:45, 10, 02, 14, 45,18.71256,20.46847,03,01,6,01,Thoron,18,7,20,,0,00,0,0,4,90,1,0,6,0,2,0,0357,0,00,0,214,0,00,0,0714,
10/02/18 15:15, 10, 02, 15, 15,7.927893,15.85579,03,02,0,500,Thoron,7,93,16,,0,00,0,0,1,97,2,0,1,0,1,0,0704,0,00,0,0352,0,00,0,0352,
10/02/18 15:45, 10, 02, 15, 45,15.88375,19.30273,03,03,0,500,Thoron,15,9,19,,10,9,54,,2,92,4,1,2,0,0,0,141,0,0354,0,0707,0,00,0,00,
10/02/18 16:15, 10, 02, 16, 15,29.12021,23.63556,03,04,0,833,Thoron,29,1,24,,0,00,0,0,4,42,6,0,5,0,0,0,212,0,00,0,177,0,00,0,00,
10/02/18 16:45, 10, 02, 16, 45,15.88375,19.30273,03,05,2,00,Thoron,15,9,19,,0,00,0,0,3,95,2,0,4,0,0,0,0706,0,00,0,141,0,00,0,00,
10/02/18 17:15, 10, 02, 17, 15,23.82562,22.03753,03,06,0,499,Thoron,23,8,22,,0,00,0,0,3,42,6,0,3,0,0,0,212,0,00,0,106,0,00,0,00,
10/02/18 17:45, 10, 02, 17, 45,18.5474,20.28781,03,07,2,50,Thoron,18,5,20,,0,00,0,0,4,42,2,0,5,0,2,0,0706,0,00,0,177,0,00,0,0706,
10/02/18 18:15, 10, 02, 18, 15,21.19702,21.19702,03,08,0,599,Thoron,21,2,21,,10,9,55,,3,63,5,1,3,0,0,0,177,0,0353,0,106,0,00,0,00,
10/02/18 18:45, 10, 02, 18, 45,23.80463,22.01811,03,09,1,25,Thoron,23,8,22,,0,00,0,0,4,42,4,0,5,0,1,0,141,0,00,0,177,0,00,0,0353,
10/02/18 19:15, 10, 02, 19, 15,15.89777,19.31976,03,10,1,00,Thoron,15,9,19,,10,9,55,,3,63,3,1,3,0,1,0,106,0,0353,0,106,0,00,0,0353,
10/02/18 19:45, 10, 02, 19, 45,13.24814,19.31976,03,11,1,00,Thoron,13,2,18,,0,00,0,0,3,42,3,0,3,1,2,0,106,0,00,0,106,0,0353,0,0709,
10/02/18 20:15, 10, 02, 20, 15,29.14591,23.65642,03,12,1,20,Thoron,29,1,24,,0,00,0,0,4,84,5,0,6,0,1,0,177,0,00,0,212,0,00,0,0352,
10/02/18 20:45, 10, 02, 20, 45,10.59851,17.14876,03,13,3,00,Thoron,10,6,20,,0,00,0,0,3,43,1,0,3,1,2,0,0354,0,00,0,106,0,0354,0,0705,
10/02/18 21:15, 10, 02, 21, 15,21.19702,21.19702,03,14,1,67,Thoron,21,2,21,,0,00,0,0,4,42,3,0,5,0,2,0,106,0,00,0,177,0,00,0,0707,
10/02/18 21:45, 10, 02, 21, 45,15.86975,19.28572,03,15,2,00,Thoron,15,9,19,,0,00,0,0,3,96,2,0,4,0,1,0,0707,0,00,0,141,0,00,0,0351,
10/02/18 22:15, 10, 02, 22, 15,26.51969,22.89511,03,16,1,00,Thoron,26,5,23,,0,00,0,0,4,42,5,0,5,0,0,0,177,0,00,0,177,0,00,0,00,
10/02/18 22:45, 10, 02, 22, 45,13.25984,18.29588,03,17,N/A,Thoron,13,3,18,,10,9,57,,4,83,0,1,5,0,0,0,00,0,0354,0,177,0,00,0,00,
10/02/18 23:15, 10, 02, 23, 15,26.51969,22.89511,03,18,1,50,Thoron,26,5,24,,0,00,0,0,4,84,4,0,6,1,0,0,141,0,00,0,212,0,0354,0,00,
10/02/18 23:45, 10, 02, 23, 45,21.19702,21.19702,03,19,1,00,Thoron,21,2,21,,10,9,56,,4,26,4,1,4,0,1,0,141,0,0353,0,141,0,00,0,0353,
10/03/18 00:15, 10, 03, 00, 15,15.91181,19.33684,03,20,4,99,Thoron,15,9,19,,0,00,0,0,4,42,1,0,5,0,0,0,0354,0,00,0,177,0,00,0,00,
10/03/18 00:45, 10, 03, 00, 45,31.82362,25.14945,03,21,1,17,Thoron,31,8,24,,0,00,0,0,5,23,6,0,7,1,0,0,212,0,00,0,247,0,0356,0,00,
10/03/18 01:15, 10, 03, 01, 15,10.60788,17.1639,03,22,0,333,Thoron,10,6,17,,0,00,0,0,1,98,3,0,1,0,3,0,106,0,00,0,0354,0,00,0,106,
10/03/18 01:46, 10, 03, 01, 46,15.91181,19.33684,03,23,2,00,Thoron,15,9,19,,0,00,0,0,3,95,2,0,4,0,2,0,0707,0,00,0,141,0,00,0,0707,
10/03/18 02:16, 10, 03, 02, 16,21.23451,21.23451,03,24,0,599,Thoron,21,2,21,,0,00,0,0,3,43,5,0,3,0,1,0,177,0,00,0,106,0,00,0,0354,
10/03/18 02:46, 10, 03, 02, 46,21.2533,21.2533,03,25,3,00,Thoron,21,3,21,,0,00,0,0,4,86,2,0,6,0,1,0,0709,0,00,0,213,0,00,0,0354,
10/03/18 03:16, 10, 03, 03, 16,23.88882,22.09598,03,26,0,800,Thoron,23,9,22,,10,9,56,,4,26,5,1,4,0,3,0,177,0,0355,0,142,0,00,0,106,
10/03/18 03:46, 10, 03, 03, 46,10.62665,17.19428,03,27,2,99,Thoron,10,6,20,,0,00,0,0,3,44,1,0,3,1,1,0,0355,0,00,0,106,0,0355,0,0353,
10/03/18 04:16, 10, 03, 04, 16,23.88882,22.09598,03,28,0,800,Thoron,23,9,24,,0,00,0,0,3,97,5,0,4,1,0,0,177,0,00,0,142,0,0355,0,00,
10/03/18 04:46, 10, 03, 04, 46,7.955906,15.91181,03,29,0,500,Thoron,7,96,16,,10,9,53,,2,03,2,1,1,0,0,0,0707,0,0353,0,0353,0,00,0,00,
10/03/18 05:16, 10, 03, 05, 16,13.27157,18.31206,03,30,0,667,Thoron,13,3,18,,21,8,60,,2,87,3,2,2,0,0,0,106,0,0710,0,0710,0,00,0,00,
10/03/18 05:46, 10, 03, 05, 46,18.58019,20.32369,03,31,0,400,Thoron,18,6,20,,0,00,0,0,2,81,5,0,2,0,1,0,177,0,00,0,0709,0,00,0,0355,
10/03/18 06:16, 10, 03, 06, 16,23.88882,22.09598,03,32,0,500,Thoron,23,9,22,,10,9,55,,3,63,6,1,3,0,1,0,213,0,0355,0,106,0,00,0,0351,
10/03/18 06:46, 10, 03, 06, 46,26.56662,22.93563,03,33,3,99,Thoron,26,6,23,,0,00,0,0,5,61,2,0,8,0,1,0,0710,0,00,0,284,0,00,0,0355,
10/03/18 07:16, 10, 03, 07, 16,21.2533,21.2533,03,34,1,67,Thoron,21,3,21,,0,00,0,0,4,44,3,0,5,0,2,0,106,0,00,0,177,0,00,0,0709,
10/03/18 07:46, 10, 03, 07, 46,31.87995,24.47079,03,35,0,500,Thoron,31,9,24,,0,00,0,0,3,97,8,0,4,0,1,0,284,0,00,0,142,0,00,0,0350,
10/03/18 08:16, 10, 03, 08, 16,13.28331,18.32826,03,36,4,00,Thoron,13,3,18,,0,00,0,0,3,97,1,0,4,0,0,0,0355,0,00,0,142,0,00,0,00,
10/03/18 08:46, 10, 03, 08, 46,29.22329,23.71922,03,37,0,571,Thoron,29,2,24,,0,00,0,0,3,97,7,0,4,0,2,0,248,0,00,0,142,0,00,0,0705,
10/03/18 09:16, 10, 03, 09, 16,26.61373,22.9763,03,38,1,50,Thoron,26,6,23,,0,00,0,0,4,86,4,0,6,0,2,0,142,0,00,0,213,0,00,0,0711,
10/03/18 09:46, 10, 03, 09, 46,15.93997,19.37106,03,39,0,499,Thoron,15,9,19,,0,00,0,0,2,80,4,0,2,0,3,0,142,0,00,0,0709,0,00,0,106,
10/03/18 10:16, 10, 03, 10, 16,15.93997,19.37106,03,40,1,00,Thoron,15,9,19,,21,8,60,,3,55,3,2,3,0,3,0,106,0,0710,0,106,0,00,0,106,
10/03/18 10:46, 10, 03, 10, 46,18.58019,20.32369,03,41,0,400,Thoron,18,6,20,,0,00,0,0,2,81,5,0,2,0,1,0,177,0,00,0,0709,0,00,0,0355,
10/03/18 11:16, 10, 03, 11, 16,26.59016,22.95595,03,42,1,50,Thoron,26,6,24,,0,00,0,0,4,86,4,0,6,1,1,0,142,0,00,0,213,0,0353,0,0357,
10/03/18 11:46, 10, 03, 11, 46,21.27213,21.27213,03,43,1,00,Thoron,21,3,21,,10,9,56,,4,27,4,1,4,0,0,0,142,0,0354,0,142,0,00,0,00,
10/03/18 12:16, 10, 03, 12, 16,13.29508,18.34449,03,44,1,50,Thoron,13,3,18,,0,00,0,0,3,44,2,0,3,0,0,0,0709,0,00,0,106,0,00,0,00,
10/03/18 12:46, 10, 03, 12, 46,18.61311,20.35969,03,45,0,750,Thoron,18,6,20,,0,00,0,0,3,44,4,0,3,0,1,0,142,0,00,0,106,0,00,0,0355,
10/03/18 13:16, 10, 03, 13, 16,23.90996,22.11553,03,46,3,49,Thoron,23,9,22,,21,8,60,,5,58,2,2,7,0,0,0,0710,0,0710,0,248,0,00,0,00,
10/03/18 13:46, 10, 03, 13, 46,2.659016,12.83886,03,47,N/A,Thoron,1,17,13,,0,00,0,0,1,98,0,0,1,1,2,0,00,0,00,0,0355,0,0355,0,0709,
10/03/18 14:16, 10, 03, 14, 16,10.63606,17.20951,03,48,3,00,Thoron,10,6,17,,0,00,0,0,3,44,1,0,3,0,0,0,0355,0,00,0,106,0,00,0,00,
10/03/18 14:46, 10, 03, 14, 46,7.969987,15.93997,03,49,0,499,Thoron,7,97,16,,0,00,0,0,1,98,2,0,1,0,0,0,0710,0,00,0,0354,0,00,0,00,
10/03/18 15:16, 10, 03, 15, 16,15.96824,19.40541,03,50,2,00,Thoron,16,0,19,,0,00,0,0,3,97,2,0,4,0,0,0,0709,0,00,0,142,0,00,0,00,
10/03/18 15:46, 10, 03, 15, 46,10.63606,17.20951,03,51,1,00,Thoron,10,6,17,,0,00,0,0,2,81,2,0,2,0,0,0,0709,0,00,0,0709,0,00,0,00,
10/03/18 16:16, 10, 03, 16, 16,10.64549,17.22477,03,52,0,333,Thoron,10,6,17,,0,00,0,0,1,98,3,0,1,0,0,0,106,0,00,0,0355,0,00,0,00,
10/03/18 16:46, 10, 03, 16, 46,7.984119,15.96824,03,53,0,500,Thoron,7,98,16,,10,9,53,,2,03,2,1,1,0,1,0,0709,0,0355,0,0355,0,00,0,0355,
10/03/18 17:16, 10, 03, 17, 16,18.62961,20.37774,03,54,0,750,Thoron,18,6,20,,0,00,0,0,3,44,4,0,3,0,0,0,142,0,00,0,106,0,00,0,00,
10/03/18 17:46, 10, 03, 17, 46,10.64549,17.22477,03,55,3,00,Thoron,10,6,17,,10,9,55,,3,63,1,1,3,0,0,0,0355,0,0355,0,106,0,00,0,00,
10/03/18 18:16, 10, 03, 18, 16,13.28331,18.32826,03,56,0,250,Thoron,13,3,18,,10,9,53,,2,03,4,1,1,0,2,0,142,0,0355,0,0355,0,00,0,0709,
10/03/18 18:46, 10, 03, 18, 46,26.61373,22.9763,03,57,1,00,Thoron,26,6,23,,10,9,57,,4,84,5,1,5,0,0,0,177,0,0355,0,177,0,00,0,00,
10/03/18 19:16, 10, 03, 19, 16,15.96824,19.40541,03,58,1,00,Thoron,16,0,19,,0,00,0,0,3,44,3,0,3,0,0,0,106,0,00,0,106,0,00,0,00,
10/03/18 19:46, 10, 03, 19, 46,18.62961,20.37774,03,59,0,399,Thoron,18,6,22,,0,00,0,0,2,80,5,0,2,1,1,0,177,0,00,0,0709,0,0354,0,0354,
10/03/18 20:16, 10, 03, 20, 16,13.30687,18.36076,03,60,0,667,Thoron,13,3,18,,0,00,0,0,2,81,3,0,2,0,0,0,106,0,00,0,0709,0,00,0,00,
10/03/18 20:46, 10, 03, 20, 46,26.63734,22.99668,03,61,0,667,Thoron,26,6,24,,0,00,0,0,3,98,6,0,4,1,0,0,214,0,00,0,142,0,0356,0,00,
10/03/18 21:16, 10, 03, 21, 16,21.30987,21.30987,03,62,1,67,Thoron,21,3,23,,0,00,0,0,4,45,3,0,5,1,1,0,107,0,00,0,178,0,0356,0,0356,
10/03/18 21:46, 10, 03, 21, 46,13.30687,18.36076,03,63,0,249,Thoron,13,3,21,,0,00,0,0,1,98,4,0,1,1,3,0,142,0,00,0,0354,0,0354,0,106,
10/03/18 22:16, 10, 03, 22, 16,21.29098,21.29098,03,64,0,600,Thoron,21,3,21,,10,9,55,,3,65,5,1,3,0,3,0,177,0,0353,0,106,0,00,0,106,
10/03/18 22:46, 10, 03, 22, 46,26.63734,22.99668,03,65,0,667,Thoron,26,6,24,,0,00,0,0,3,98,6,0,4,1,0,0,214,0,00,0,142,0,0356,0,00,
10/03/18 23:16, 10, 03, 23, 16,23.97361,22.1744,03,66,1,25,Thoron,24,0,22,,0,00,0,0,4,45,4,0,5,0,1,0,142,0,00,0,178,0,00,0,0356,
10/03/18 23:46, 10, 03, 23, 46,23.97361,22.1744,03,67,0,800,Thoron,24,0,22,,10,9,56,,4,26,5,1,4,0,0,0,178,0,0356,0,142,0,00,0,00,
10/04/18 00:16, 10, 04, 00, 16,10.67388,17.2707,03,68,0,333,Thoron,10,7,20,,0,00,0,0,1,99,3,0,1,1,0,0,107,0,00,0,0356,0,0356,0,00,
10/04/18 00:46, 10, 04, 00, 46,34.6593,25.28347,03,69,2,25,Thoron,34,7,25,,0,00,0,0,5,97,4,0,9,0,1,0,142,0,00,0,320,0,00,0,0354,
10/04/18 01:16, 10, 04, 01, 16,18.67929,20.43209,03,70,5,99,Thoron,18,7,20,,0,00,0,0,4,88,1,0,6,0,0,0,0356,0,00,0,213,0,00,0,00,
10/04/18 01:46, 10, 04, 01, 46,23.9949,22.1941,03,71,0,500,Thoron,24,0,22,,11,0,56,,3,66,6,1,3,0,3,0,214,0,0356,0,107,0,00,0,106,
10/04/18 02:16, 10, 04, 02, 16,15.9966,19.43987,03,72,4,99,Thoron,16,0,19,,0,00,0,0,4,45,1,0,5,0,0,0,0357,0,00,0,178,0,00,0,00,
10/04/18 02:46, 10, 04, 02, 46,15.9966,19.43987,03,73,2,00,Thoron,16,0,19,,0,00,0,0,3,98,2,0,4,0,0,0,0711,0,00,0,142,0,00,0,00,
10/04/18 03:16, 10, 04, 03, 16,29.35317,23.82464,03,74,0,572,Thoron,29,4,24,,0,00,0,0,3,98,7,0,4,0,0,0,249,0,00,0,142,0,00,0,00,
10/04/18 03:46, 10, 04, 03, 46,24.01623,22.21383,03,75,3,50,Thoron,24,0,22,,11,0,59,,5,97,2,1,7,0,0,0,0712,0,0356,0,249,0,00,0,00,
10/04/18 04:16, 10, 04, 04, 16,18.6627,20.41394,03,76,0,750,Thoron,18,7,20,,0,00,0,0,3,45,4,0,3,0,1,0,142,0,00,0,107,0,00,0,0356,
10/04/18 04:46, 10, 04, 04, 46,13.3305,18.39337,03,77,1,50,Thoron,13,3,18,,0,00,0,0,3,45,2,0,3,0,2,0,0712,0,00,0,107,0,00,0,0710,
10/04/18 05:16, 10, 04, 05, 16,16.01082,19.45715,03,78,1,00,Thoron,16,0,19,,0,00,0,0,3,45,3,0,3,0,1,0,107,0,00,0,107,0,00,0,0354,
10/04/18 05:46, 10, 04, 05, 46,21.34776,21.34776,03,79,3,00,Thoron,21,3,21,,0,00,0,0,4,88,2,0,6,0,2,0,0712,0,00,0,214,0,00,0,0712,
10/04/18 06:16, 10, 04, 06, 16,13.34235,18.40972,03,80,1,50,Thoron,13,3,18,,0,00,0,0,3,45,2,0,3,0,0,0,0712,0,00,0,107,0,00,0,00,
10/04/18 06:47, 10, 04, 06, 47,26.6847,23.82464,03,81,0,222,Thoron,26,7,23,,11,0,54,,2,92,9,1,2,1,1,0,320,0,0359,0,0712,0,0359,0,0349,
10/04/18 07:17, 10, 04, 07, 17,15.9966,19.43987,03,82,0,500,Thoron,16,0,19,,11,0,55,,2,94,4,1,2,0,0,0,142,0,0356,0,0712,0,00,0,00,
10/04/18 07:47, 10, 04, 07, 47,16.01082,19.45715,03,83,2,00,Thoron,16,0,21,,0,00,0,0,3,98,2,0,4,1,2,0,0711,0,00,0,143,0,0356,0,0711,
10/04/18 08:17, 10, 04, 08, 17,29.35317,23.82464,03,84,0,572,Thoron,29,4,24,,0,00,0,0,3,98,7,0,4,0,3,0,249,0,00,0,142,0,00,0,107,
10/04/18 08:47, 10, 04, 08, 47,18.67929,20.43209,03,85,2,50,Thoron,18,7,20,,0,00,0,0,4,45,2,0,5,0,0,0,0712,0,00,0,178,0,00,0,00,
10/04/18 09:17, 10, 04, 09, 17,29.35317,23.82464,03,86,0,572,Thoron,29,4,24,,0,00,0,0,3,98,7,0,4,0,0,0,249,0,00,0,142,0,00,0,00,
10/04/18 09:47, 10, 04, 09, 47,10.67388,17.2707,03,87,3,00,Thoron,10,7,17,,0,00,0,0,3,45,1,0,3,0,1,0,0356,0,00,0,107,0,00,0,0356,
10/04/18 10:17, 10, 04, 10, 17,16.01082,19.45715,03,88,2,00,Thoron,16,0,19,,0,00,0,0,3,98,2,0,4,0,1,0,0712,0,00,0,142,0,00,0,0354,
10/04/18 10:47, 10, 04, 10, 47,18.69591,21.36676,03,89,0,600,Thoron,18,7,20,,0,00,0,0,3,45,5,0,3,1,4,0,178,0,00,0,107,0,0356,0,142,
10/04/18 11:17, 10, 04, 11, 17,10.68338,17.28607,03,90,1,00,Thoron,10,7,20,,0,00,0,0,2,82,2,0,2,1,3,0,0712,0,00,0,0712,0,0356,0,107,
10/04/18 11:47, 10, 04, 11, 47,26.70844,23.05806,03,91,0,667,Thoron,26,7,23,,0,00,0,0,3,98,6,0,4,0,1,0,214,0,00,0,142,0,00,0,0352,
10/04/18 12:17, 10, 04, 12, 17,26.70844,23.05806,03,92,0,667,Thoron,26,7,24,,0,00,0,0,3,98,6,0,4,1,0,0,214,0,00,0,142,0,0356,0,00,
10/04/18 12:47, 10, 04, 12, 47,16.02506,19.47447,03,93,0,500,Thoron,16,0,21,,11,0,55,,2,95,4,1,2,1,2,0,142,0,0356,0,0712,0,0356,0,0712,
10/04/18 13:17, 10, 04, 13, 17,13.35422,18.4261,03,94,1,50,Thoron,13,4,21,,0,00,0,0,3,45,2,0,3,1,0,0,0711,0,00,0,107,0,0357,0,00,
10/04/18 13:47, 10, 04, 13, 47,21.34776,21.34776,03,95,0,599,Thoron,21,3,21,,11,0,56,,3,67,5,1,3,0,0,0,178,0,0356,0,107,0,00,0,00,
10/04/18 14:17, 10, 04, 14, 17,24.059,22.25339,03,96,3,50,Thoron,24,1,22,,0,00,0,0,5,29,2,0,7,0,4,0,0715,0,00,0,250,0,00,0,143,
10/04/18 14:47, 10, 04, 14, 47,26.6847,23.03756,03,97,1,50,Thoron,26,7,23,,0,00,0,0,4,88,4,0,6,0,1,0,142,0,00,0,214,0,00,0,0352,
10/04/18 15:17, 10, 04, 15, 17,16.03933,19.49181,03,98,0,499,Thoron,16,0,19,,11,0,55,,2,95,4,1,2,0,2,0,143,0,0357,0,0714,0,00,0,0714,
10/04/18 15:47, 10, 04, 15, 47,21.38578,21.38578,03,99,0,333,Thoron,21,4,21,,0,00,0,0,2,83,6,0,2,0,0,0,214,0,00,0,0714,0,00,0,00,
10/04/18 16:17, 10, 04, 16, 17,13.36611,18.44251,04,01,1,50,Thoron,13,4,18,,0,00,0,0,3,46,2,0,3,0,1,0,0714,0,00,0,107,0,00,0,0358,
10/04/18 16:47, 10, 04, 16, 47,21.17833,21.17833,04,02,1,67,Thoron,21,2,21,,0,00,0,0,4,42,3,0,5,0,0,0,106,0,00,0,177,0,00,0,00,
10/04/18 17:17, 10, 04, 17, 17,18.53104,20.26993,04,03,0,167,Thoron,18,5,20,,0,00,0,0,1,98,6,0,1,0,0,0,212,0,00,0,0354,0,00,0,00,
10/04/18 17:47, 10, 04, 17, 47,18.53104,20.26993,04,04,2,50,Thoron,18,5,20,,0,00,0,0,4,42,2,0,5,0,1,0,0707,0,00,0,177,0,00,0,0353,
10/04/18 18:17, 10, 04, 18, 17,7.927893,15.85579,04,05,0,500,Thoron,7,93,16,,10,9,53,,2,03,2,1,1,0,0,0,0704,0,0352,0,0352,0,00,0,00,
10/04/18 18:47, 10, 04, 18, 47,15.88375,19.30273,04,06,1,00,Thoron,15,9,21,,0,00,0,0,3,43,3,0,3,1,0,0,106,0,00,0,106,0,0354,0,00,
10/04/18 19:17, 10, 04, 19, 17,23.82562,22.03753,04,07,0,800,Thoron,23,8,22,,0,00,0,0,3,95,5,0,4,0,1,0,177,0,00,0,141,0,00,0,0353,
10/04/18 19:47, 10, 04, 19, 47,26.49628,22.8749,04,08,1,00,Thoron,26,5,23,,0,00,0,0,4,42,5,0,5,0,0,0,177,0,00,0,177,0,00,0,00,
10/04/18 20:17, 10, 04, 20, 17,23.84665,22.05698,04,09,3,49,Thoron,23,8,22,,0,00,0,0,5,23,2,0,7,0,2,0,0707,0,00,0,247,0,00,0,0707,
10/04/18 20:47, 10, 04, 20, 47,13.23646,18.26361,04,10,0,667,Thoron,13,2,18,,0,00,0,0,2,80,3,0,2,0,0,0,106,0,00,0,0707,0,00,0,00,
10/04/18 21:17, 10, 04, 21, 17,31.79554,24.406,04,11,2,00,Thoron,31,8,24,,10,9,59,,6,38,4,1,8,0,1,0,141,0,0356,0,283,0,00,0,0346,
10/04/18 21:47, 10, 04, 21, 47,7.948884,15.89777,04,12,0,500,Thoron,7,95,16,,0,00,0,0,1,98,2,0,1,0,1,0,0707,0,00,0,0353,0,00,0,0353,
10/04/18 22:17, 10, 04, 22, 17,21.17833,21.17833,04,13,1,67,Thoron,21,2,21,,0,00,0,0,4,42,3,0,5,0,1,0,106,0,00,0,177,0,00,0,0353,
10/04/18 22:47, 10, 04, 22, 47,29.14591,23.65642,04,14,0,833,Thoron,29,1,25,,0,00,0,0,4,42,6,0,5,1,3,0,212,0,00,0,177,0,0355,0,106,
10/04/18 23:17, 10, 04, 23, 17,13.24814,18.27973,04,15,0,00,Thoron,13,2,21,,0,00,N/A,0,00,5,0,0,1,0,0,177,0,00,0,00,0,0354,0,00,
10/04/18 23:47, 10, 04, 23, 47,15.91181,19.33684,04,16,1,00,Thoron,15,9,19,,0,00,0,0,3,43,3,0,3,0,1,0,106,0,00,0,106,0,00,0,0351,
10/05/18 00:17, 10, 05, 00, 17,26.51969,22.89511,04,17,2,33,Thoron,26,5,23,,0,00,0,0,5,23,3,0,7,0,0,0,106,0,00,0,247,0,00,0,00,
10/05/18 00:47, 10, 05, 00, 47,13.25984,18.29588,04,18,0,667,Thoron,13,3,18,,0,00,0,0,2,80,3,0,2,0,0,0,106,0,00,0,0707,0,00,0,00,
10/05/18 01:17, 10, 05, 01, 17,10.59851,17.14876,04,19,3,00,Thoron,10,6,17,,0,00,0,0,3,42,1,0,3,0,0,0,0353,0,00,0,106,0,00,0,00,
10/05/18 01:47, 10, 05, 01, 47,23.84665,22.05698,04,20,1,25,Thoron,23,8,22,,0,00,0,0,4,42,4,0,5,0,3,0,141,0,00,0,177,0,00,0,106,
10/05/18 02:17, 10, 05, 02, 17,5.303938,14.49063,04,21,N/A,Thoron,5,30,14,,0,00,0,0,2,80,0,0,2,0,1,0,00,0,00,0,0707,0,00,0,0353,
10/05/18 02:47, 10, 05, 02, 47,15.91181,19.33684,04,22,1,00,Thoron,15,9,19,,0,00,0,0,3,42,3,0,3,0,0,0,106,0,00,0,106,0,00,0,00,
10/05/18 03:17, 10, 05, 03, 17,21.21575,21.21575,04,23,1,67,Thoron,21,2,23,,10,9,57,,4,86,3,1,5,1,2,0,106,0,0352,0,177,0,0352,0,0708,
10/05/18 03:47, 10, 05, 03, 47,10.60788,17.1639,04,24,3,00,Thoron,10,6,17,,0,00,0,0,3,42,1,0,3,0,1,0,0353,0,00,0,106,0,00,0,0353,
10/05/18 04:17, 10, 05, 04, 17,26.54314,22.91535,04,25,2,33,Thoron,26,5,23,,0,00,0,0,5,25,3,0,7,0,1,0,106,0,00,0,248,0,00,0,0355,
10/05/18 04:47, 10, 05, 04, 47,29.19745,23.69825,04,26,2,67,Thoron,29,2,24,,0,00,0,0,5,61,3,0,8,0,1,0,106,0,00,0,284,0,00,0,0353,
10/05/18 05:17, 10, 05, 05, 17,5.308627,14.50344,04,27,N/A,Thoron,5,31,15,,10,9,54,,2,92,0,1,2,0,1,0,00,0,0355,0,0709,0,00,0,0355,
10/05/18 05:47, 10, 05, 05, 47,10.60788,17.1639,04,28,1,00,Thoron,10,6,17,,0,00,0,0,2,80,2,0,2,0,0,0,0707,0,00,0,0707,0,00,0,00,
10/05/18 06:17, 10, 05, 06, 17,10.61725,17.17908,04,29,3,00,Thoron,10,6,17,,10,9,55,,3,63,1,1,3,0,0,0,0355,0,0355,0,106,0,00,0,00,
10/05/18 06:47, 10, 05, 06, 47,13.27157,18.31206,04,30,0,250,Thoron,13,3,18,,0,00,0,0,1,99,4,0,1,0,1,0,142,0,00,0,0355,0,00,0,0353,
10/05/18 07:17, 10, 05, 07, 17,10.61725,17.17908,04,31,3,00,Thoron,10,6,17,,0,00,0,0,3,44,1,0,3,0,0,0,0355,0,00,0,106,0,00,0,00,
10/05/18 07:47, 10, 05, 07, 47,18.58019,20.32369,04,32,0,399,Thoron,18,6,20,,0,00,0,0,2,80,5,0,2,0,2,0,177,0,00,0,0709,0,00,0,0709,
10/05/18 08:17, 10, 05, 08, 17,15.92588,19.35393,04,33,0,200,Thoron,15,9,19,,10,9,53,,2,03,5,1,1,0,0,0,177,0,0355,0,0355,0,00,0,00,
10/05/18 08:47, 10, 05, 08, 47,23.90996,22.11553,04,34,3,50,Thoron,23,9,22,,0,00,0,0,5,25,2,0,7,0,0,0,0709,0,00,0,248,0,00,0,00,
10/05/18 09:17, 10, 05, 09, 17,18.59664,20.34167,04,35,1,33,Thoron,18,6,20,,0,00,0,0,3,97,3,0,4,0,3,0,106,0,00,0,142,0,00,0,106,
10/05/18 09:47, 10, 05, 09, 47,23.90996,22.11553,04,36,2,00,Thoron,23,9,22,,0,00,0,0,4,86,3,0,6,0,0,0,106,0,00,0,213,0,00,0,00,
10/05/18 10:17, 10, 05, 10, 17,10.62665,17.19428,04,37,1,00,Thoron,10,6,20,,0,00,0,0,2,81,2,0,2,1,0,0,0709,0,00,0,0709,0,0355,0,00,
10/05/18 10:48, 10, 05, 10, 48,18.59664,20.34167,04,38,0,750,Thoron,18,6,22,,0,00,0,0,3,44,4,0,3,1,2,0,142,0,00,0,106,0,0355,0,0709,
10/05/18 11:18, 10, 05, 11, 18,23.90996,22.11553,04,39,2,00,Thoron,23,9,22,,0,00,0,0,4,86,3,0,6,0,1,0,106,0,00,0,213,0,00,0,0355,
10/05/18 11:48, 10, 05, 11, 48,23.90996,22.11553,04,40,1,25,Thoron,23,9,22,,0,00,0,0,4,44,4,0,5,0,0,0,142,0,00,0,177,0,00,0,00,
10/05/18 12:18, 10, 05, 12, 18,31.93648,24.51418,04,41,1,40,Thoron,31,9,24,,0,00,0,0,5,25,5,0,7,0,1,0,177,0,00,0,248,0,00,0,0350,
10/05/18 12:48, 10, 05, 12, 48,15.93997,19.37106,04,42,2,00,Thoron,15,9,19,,0,00,0,0,3,97,2,0,4,0,0,0,0709,0,00,0,142,0,00,0,00,
10/05/18 13:18, 10, 05, 13, 18,15.95409,19.38822,04,43,0,500,Thoron,16,0,19,,10,9,54,,2,92,4,1,2,0,1,0,142,0,0355,0,0709,0,00,0,0355,
10/05/18 13:48, 10, 05, 13, 48,13.29508,18.34449,04,44,4,00,Thoron,13,3,18,,0,00,0,0,3,97,1,0,4,0,0,0,0355,0,00,0,142,0,00,0,00,
10/05/18 14:18, 10, 05, 14, 18,13.29508,18.34449,04,45,0,250,Thoron,13,3,21,,0,00,0,0,1,99,4,0,1,1,0,0,142,0,00,0,0355,0,0355,0,00,
10/05/18 14:48, 10, 05, 14, 48,13.29508,18.34449,04,46,1,50,Thoron,13,3,21,,10,9,55,,3,63,2,1,3,1,2,0,0709,0,0354,0,106,0,0354,0,0712,
10/05/18 15:18, 10, 05, 15, 18,13.29508,18.34449,04,47,0,250,Thoron,13,3,18,,0,00,0,0,1,98,4,0,1,0,0,0,142,0,00,0,0355,0,00,0,00,
10/05/18 15:48, 10, 05, 15, 48,26.56662,22.93563,04,48,1,00,Thoron,26,6,23,,0,00,0,0,4,44,5,0,5,0,2,0,177,0,00,0,177,0,00,0,0706,
10/05/18 16:18, 10, 05, 16, 18,23.93114,22.13512,04,49,0,800,Thoron,23,9,22,,0,00,0,0,3,97,5,0,4,0,2,0,177,0,00,0,142,0,00,0,0706,
10/05/18 16:48, 10, 05, 16, 48,15.95409,19.38822,04,50,2,00,Thoron,16,0,19,,0,00,0,0,3,97,2,0,4,0,3,0,0709,0,00,0,142,0,00,0,106,
10/05/18 17:18, 10, 05, 17, 18,21.29098,21.29098,04,51,1,67,Thoron,21,3,21,,10,9,57,,4,84,3,1,5,0,1,0,106,0,0355,0,177,0,00,0,0355,
10/05/18 17:48, 10, 05, 17, 48,23.95235,22.15475,04,52,0,800,Thoron,24,0,22,,0,00,0,0,3,97,5,0,4,0,1,0,177,0,00,0,142,0,00,0,0355,
10/05/18 18:18, 10, 05, 18, 18,16.01082,19.45715,04,53,1,00,Thoron,16,0,19,,0,00,0,0,3,45,3,0,3,0,1,0,107,0,00,0,107,0,00,0,0354,
10/05/18 18:48, 10, 05, 18, 48,18.62961,20.37774,04,54,6,02,Thoron,18,6,22,,10,9,58,,5,41,1,1,6,1,3,0,0353,0,0353,0,213,0,0353,0,107,
10/05/18 19:18, 10, 05, 19, 18,21.29098,21.29098,04,55,0,600,Thoron,21,3,21,,10,9,55,,3,63,5,1,3,0,2,0,177,0,0355,0,106,0,00,0,0706,
10/05/18 19:48, 10, 05, 19, 48,13.30687,18.36076,04,56,4,00,Thoron,13,3,18,,0,00,0,0,3,97,1,0,4,0,0,0,0355,0,00,0,142,0,00,0,00,
10/05/18 20:18, 10, 05, 20, 18,21.29098,21.29098,04,57,1,67,Thoron,21,3,21,,10,9,57,,4,85,3,1,5,0,0,0,106,0,0354,0,177,0,00,0,00,
10/05/18 20:48, 10, 05, 20, 48,13.30687,18.36076,04,58,0,250,Thoron,13,3,18,,0,00,0,0,1,99,4,0,1,0,1,0,142,0,00,0,0355,0,00,0,0353,
10/05/18 21:18, 10, 05, 21, 18,10.64549,17.22477,04,59,1,00,Thoron,10,6,17,,0,00,0,0,2,81,2,0,2,0,1,0,0709,0,00,0,0709,0,00,0,0355,
10/05/18 21:48, 10, 05, 21, 48,15.96824,19.40541,04,60,2,00,Thoron,16,0,19,,10,9,56,,4,26,2,1,4,0,1,0,0709,0,0355,0,142,0,00,0,0355,
10/05/18 22:18, 10, 05, 22, 18,18.64614,20.39582,04,61,0,750,Thoron,18,6,20,,0,00,0,0,3,45,4,0,3,0,1,0,142,0,00,0,107,0,00,0,0356,
10/05/18 22:48, 10, 05, 22, 48,26.63734,22.99668,04,62,0,429,Thoron,26,6,23,,0,00,0,0,3,45,7,0,3,0,1,0,249,0,00,0,107,0,00,0,0356,
10/05/18 23:18, 10, 05, 23, 18,13.31867,18.37705,04,63,1,50,Thoron,13,3,21,,0,00,0,0,3,45,2,0,3,1,0,0,0711,0,00,0,107,0,0357,0,00,
10/05/18 23:48, 10, 05, 23, 48,13.31867,18.37705,04,64,0,667,Thoron,13,3,18,,0,00,0,0,2,82,3,0,2,0,0,0,107,0,00,0,0712,0,00,0,00,
10/06/18 00:18, 10, 06, 00, 18,13.31867,18.37705,04,65,1,50,Thoron,13,3,18,,10,9,55,,3,63,2,1,3,0,3,0,0711,0,0356,0,107,0,00,0,107,
10/06/18 00:48, 10, 06, 00, 48,21.30987,21.30987,04,66,1,67,Thoron,21,3,21,,0,00,0,0,4,45,3,0,5,0,1,0,107,0,00,0,178,0,00,0,0356,
10/06/18 01:18, 10, 06, 01, 18,18.64614,20.39582,04,67,0,750,Thoron,18,6,20,,0,00,0,0,3,45,4,0,3,0,1,0,142,0,00,0,107,0,00,0,0356,
10/06/18 01:48, 10, 06, 01, 48,5.327468,14.55491,04,68,1,00,Thoron,5,33,15,,0,00,0,0,1,99,1,0,1,0,0,0,0356,0,00,0,0356,0,00,0,00,
10/06/18 02:18, 10, 06, 02, 18,13.31867,18.37705,04,69,0,250,Thoron,13,3,18,,10,9,53,,2,03,4,1,1,0,0,0,142,0,0357,0,0357,0,00,0,00,
10/06/18 02:48, 10, 06, 02, 48,34.6593,25.28347,04,70,1,17,Thoron,34,7,25,,0,00,0,0,5,27,6,0,7,0,0,0,214,0,00,0,249,0,00,0,00,
10/06/18 03:18, 10, 06, 03, 18,26.661,23.0171,04,71,0,666,Thoron,26,7,23,,0,00,0,0,3,98,6,0,4,0,2,0,214,0,00,0,142,0,00,0,0713,
10/06/18 03:48, 10, 06, 03, 48,26.661,23.80348,04,72,0,833,Thoron,26,7,23,,0,00,0,0,4,45,6,0,5,1,1,0,214,0,00,0,178,0,0356,0,0352,
10/06/18 04:18, 10, 06, 04, 18,23.9949,22.1941,04,73,0,286,Thoron,24,0,22,,0,00,0,0,2,82,7,0,2,0,1,0,249,0,00,0,0712,0,00,0,0356,
10/06/18 04:48, 10, 06, 04, 48,26.661,23.0171,04,74,1,50,Thoron,26,7,23,,0,00,0,0,4,88,4,0,6,0,1,0,142,0,00,0,214,0,00,0,0352,
10/06/18 05:18, 10, 06, 05, 18,37.45847,26.07635,04,75,0,750,Thoron,37,5,26,,0,00,0,0,4,89,8,0,6,0,1,0,286,0,00,0,214,0,00,0,0359,
10/06/18 05:48, 10, 06, 05, 48,15.9966,19.43987,04,76,5,00,Thoron,16,0,19,,21,9,60,,4,67,1,2,5,0,0,0,0356,0,0712,0,178,0,00,0,00,
10/06/18 06:18, 10, 06, 06, 18,18.74594,20.50499,04,77,2,50,Thoron,18,7,22,,0,00,0,0,4,47,2,0,5,1,0,0,0714,0,00,0,179,0,0357,0,00,
10/06/18 06:48, 10, 06, 06, 48,21.3288,21.3288,04,78,1,00,Thoron,21,3,21,,0,00,0,0,3,98,4,0,4,0,1,0,143,0,00,0,143,0,00,0,0352,
10/06/18 07:18, 10, 06, 07, 18,16.01082,19.45715,04,79,0,500,Thoron,16,0,19,,11,0,55,,2,94,4,1,2,0,0,0,142,0,0356,0,0712,0,00,0,00,
10/06/18 07:48, 10, 06, 07, 48,18.67929,20.43209,04,80,1,33,Thoron,18,7,20,,0,00,0,0,3,98,3,0,4,0,0,0,107,0,00,0,142,0,00,0,00,
10/06/18 08:18, 10, 06, 08, 18,13.34235,18.40972,04,81,4,00,Thoron,13,3,18,,0,00,0,0,3,98,1,0,4,0,0,0,0356,0,00,0,142,0,00,0,00,
10/06/18 08:48, 10, 06, 08, 48,26.6847,23.03756,04,82,1,00,Thoron,26,7,23,,11,0,57,,4,88,5,1,5,0,2,0,178,0,0356,0,178,0,00,0,0708,
10/06/18 09:18, 10, 06, 09, 18,18.6627,20.41394,04,83,0,750,Thoron,18,7,20,,0,00,0,0,3,45,4,0,3,0,1,0,142,0,00,0,107,0,00,0,0356,
10/06/18 09:48, 10, 06, 09, 48,2.66847,12.88451,04,84,0,00,Thoron,2,67,13,,0,00,N/A,0,00,1,0,0,0,1,0,0356,0,00,0,00,0,00,0,0356,
10/06/18 10:18, 10, 06, 10, 18,16.01082,19.45715,04,85,0,500,Thoron,16,0,19,,0,00,0,0,2,82,4,0,2,0,1,0,142,0,00,0,0712,0,00,0,0354,
10/06/18 10:48, 10, 06, 10, 48,10.67388,17.2707,04,86,1,00,Thoron,10,7,17,,0,00,0,0,2,82,2,0,2,0,0,0,0712,0,00,0,0712,0,00,0,00,
10/06/18 11:18, 10, 06, 11, 18,42.73351,27.36603,04,87,1,29,Thoron,42,7,27,,0,00,0,0,5,98,7,0,9,0,0,0,249,0,00,0,321,0,00,0,00,
10/06/18 11:48, 10, 06, 11, 48,16.02506,19.47447,04,88,2,00,Thoron,16,0,21,,0,00,0,0,3,98,2,0,4,1,2,0,0711,0,00,0,143,0,0356,0,0711,
10/06/18 12:18, 10, 06, 12, 18,13.35422,18.4261,04,89,4,00,Thoron,13,4,18,,11,0,57,,4,30,1,1,4,0,2,0,0356,0,0356,0,142,0,00,0,0712,
10/06/18 12:48, 10, 06, 12, 48,10.67388,17.2707,04,90,2,99,Thoron,10,7,17,,0,00,0,0,3,45,1,0,3,0,2,0,0357,0,00,0,107,0,00,0,0711,
10/06/18 13:18, 10, 06, 13, 18,18.69591,20.45026,04,91,1,33,Thoron,18,7,20,,0,00,0,0,3,98,3,0,4,0,0,0,107,0,00,0,142,0,00,0,00,
10/06/18 13:48, 10, 06, 13, 48,5.341689,14.59376,04,92,1,00,Thoron,5,34,20,,0,00,0,0,1,99,1,0,1,1,3,0,0357,0,00,0,0357,0,0357,0,107,
10/06/18 14:18, 10, 06, 14, 18,8.012532,16.02506,04,93,2,00,Thoron,8,01,16,,11,0,55,,2,95,1,1,2,0,5,0,0356,0,0356,0,0711,0,00,0,178,
10/06/18 14:48, 10, 06, 14, 48,16.03933,19.49181,04,94,1,00,Thoron,16,0,19,,0,00,0,0,3,46,3,0,3,0,0,0,107,0,00,0,107,0,00,0,00,
10/06/18 15:18, 10, 06, 15, 18,16.01082,19.45715,04,95,2,00,Thoron,16,0,19,,0,00,0,0,3,98,2,0,4,0,0,0,0711,0,00,0,142,0,00,0,00,
10/06/18 15:48, 10, 06, 15, 48,13.34235,18.40972,04,96,0,250,Thoron,13,3,18,,0,00,0,0,1,99,4,0,1,0,1,0,142,0,00,0,0357,0,00,0,0354,
10/06/18 16:18, 10, 06, 16, 18,10.69289,17.30146,04,97,0,333,Thoron,10,7,20,,0,00,0,0,2,00,3,0,1,1,2,0,107,0,00,0,0358,0,0358,0,0713,
10/06/18 16:48, 10, 06, 16, 48,5.346445,14.60676,04,98,1,00,Thoron,5,35,15,,0,00,0,0,2,00,1,0,1,0,1,0,0357,0,00,0,0357,0,00,0,0358,
10/06/18 17:18, 10, 06, 17, 18,18.71256,20.46847,04,99,0,750,Thoron,18,7,20,,0,00,0,0,3,46,4,0,3,0,3,0,143,0,00,0,107,0,00,0,107,
10/06/18 17:48, 10, 06, 17, 48,18.71256,20.46847,05,01,2,50,Thoron,18,7,20,,0,00,0,0,4,47,2,0,5,0,0,0,0715,0,00,0,179,0,00,0,00,
10/06/18 18:18, 10, 06, 18, 18,10.58917,17.13363,05,02,0,333,Thoron,10,6,17,,0,00,0,0,1,98,3,0,1,0,0,0,106,0,00,0,0353,0,00,0,00,
10/06/18 18:48, 10, 06, 18, 48,10.58917,17.13363,05,03,0,00,Thoron,10,6,17,,0,00,N/A,0,00,4,0,0,0,1,0,141,0,00,0,00,0,00,0,0353,
10/06/18 19:18, 10, 06, 19, 18,18.53104,20.26993,05,04,2,50,Thoron,18,5,20,,0,00,0,0,4,42,2,0,5,0,1,0,0707,0,00,0,177,0,00,0,0353,
10/06/18 19:49, 10, 06, 19, 49,18.53104,20.26993,05,05,0,400,Thoron,18,5,22,,0,00,0,0,2,80,5,0,2,1,0,0,177,0,00,0,0707,0,0353,0,00,
10/06/18 20:19, 10, 06, 20, 19,21.17833,21.17833,05,06,0,600,Thoron,21,2,21,,0,00,0,0,3,42,5,0,3,0,0,0,177,0,00,0,106,0,00,0,00,
10/06/18 20:49, 10, 06, 20, 49,15.89777,19.31976,05,07,0,200,Thoron,15,9,19,,0,00,0,0,1,98,5,0,1,0,0,0,177,0,00,0,0354,0,00,0,00,
10/06/18 21:19, 10, 06, 21, 19,18.56378,20.30574,05,08,1,34,Thoron,18,6,22,,0,00,0,0,3,96,3,0,4,1,1,0,106,0,00,0,142,0,0353,0,0353,
10/06/18 21:49, 10, 06, 21, 49,7.941875,15.88375,05,09,0,499,Thoron,7,94,16,,0,00,0,0,1,98,2,0,1,0,0,0,0707,0,00,0,0353,0,00,0,00,
10/06/18 22:19, 10, 06, 22, 19,21.19702,21.19702,05,10,1,00,Thoron,21,2,21,,0,00,0,0,3,95,4,0,4,0,0,0,141,0,00,0,141,0,00,0,00,
10/06/18 22:49, 10, 06, 22, 49,23.84665,22.05698,05,11,0,800,Thoron,23,8,24,,0,00,0,0,3,96,5,0,4,1,1,0,177,0,00,0,141,0,0354,0,0350,
10/06/18 23:19, 10, 06, 23, 19,18.5474,20.28781,05,12,0,748,Thoron,18,5,20,,10,9,55,,3,63,4,1,3,0,1,0,142,0,0353,0,106,0,00,0,0353,
10/06/18 23:49, 10, 06, 23, 49,21.19702,21.19702,05,13,1,67,Thoron,21,2,21,,10,9,56,,4,80,3,1,5,0,5,0,106,0,0356,0,177,0,00,0,177,
10/07/18 00:19, 10, 07, 00, 19,15.89777,19.31976,05,14,0,200,Thoron,15,9,19,,0,00,0,0,1,98,5,0,1,0,2,0,177,0,00,0,0353,0,00,0,0707,
10/07/18 00:49, 10, 07, 00, 49,21.21575,21.21575,05,15,0,333,Thoron,21,2,21,,0,00,0,0,2,80,6,0,2,0,0,0,212,0,00,0,0707,0,00,0,00,
10/07/18 01:19, 10, 07, 01, 19,21.19702,21.19702,05,16,1,00,Thoron,21,2,21,,10,9,56,,4,26,4,1,4,0,1,0,141,0,0353,0,141,0,00,0,0353,
10/07/18 01:49, 10, 07, 01, 49,21.23451,21.23451,05,17,0,333,Thoron,21,2,21,,0,00,0,0,2,80,6,0,2,0,1,0,213,0,00,0,0709,0,00,0,0354,
10/07/18 02:19, 10, 07, 02, 19,37.12756,25.846,05,18,1,00,Thoron,37,1,26,,0,00,0,0,5,23,7,0,7,0,0,0,247,0,00,0,247,0,00,0,00,
10/07/18 02:49, 10, 07, 02, 49,18.51471,20.25206,05,19,6,01,Thoron,18,5,22,,10,9,58,,5,40,1,1,6,1,0,0,0353,0,0353,0,212,0,0353,0,00,
10/07/18 03:19, 10, 07, 03, 19,23.86772,22.07646,05,20,3,49,Thoron,23,9,22,,0,00,0,0,5,23,2,0,7,0,2,0,0707,0,00,0,247,0,00,0,0707,
10/07/18 03:49, 10, 07, 03, 49,7.955906,15.91181,05,21,0,500,Thoron,7,96,20,,0,00,0,0,1,98,2,0,1,1,0,0,0707,0,00,0,0353,0,0353,0,00,
10/07/18 04:19, 10, 07, 04, 19,2.651969,12.80484,05,22,N/A,Thoron,2,65,13,,0,00,0,0,1,98,0,0,1,0,1,0,00,0,00,0,0353,0,00,0,0353,
10/07/18 04:49, 10, 07, 04, 49,15.91181,19.33684,05,23,0,499,Thoron,15,9,21,,10,9,54,,2,92,4,1,2,1,1,0,142,0,0353,0,0706,0,0353,0,0353,
10/07/18 05:19, 10, 07, 05, 19,18.5474,20.28781,05,24,0,167,Thoron,18,5,20,,0,00,0,0,1,98,6,0,1,0,1,0,212,0,00,0,0353,0,00,0,0353,
10/07/18 05:49, 10, 07, 05, 49,13.27157,18.31206,05,25,0,666,Thoron,13,3,18,,0,00,0,0,2,80,3,0,2,0,1,0,106,0,00,0,0709,0,00,0,0355,
10/07/18 06:19, 10, 07, 06, 19,18.58019,20.32369,05,26,2,50,Thoron,18,6,20,,10,9,57,,4,85,2,1,5,0,1,0,0709,0,0354,0,177,0,00,0,0354,
10/07/18 06:49, 10, 07, 06, 49,10.61725,17.17908,05,27,0,333,Thoron,10,6,17,,10,9,53,,2,03,3,1,1,0,0,0,106,0,0355,0,0355,0,00,0,00,
10/07/18 07:19, 10, 07, 07, 19,15.92588,19.35393,05,28,0,500,Thoron,15,9,19,,0,00,0,0,2,81,4,0,2,0,1,0,142,0,00,0,0710,0,00,0,0352,
10/07/18 07:49, 10, 07, 07, 49,5.308627,14.50344,05,29,1,00,Thoron,5,31,15,,0,00,0,0,1,98,1,0,1,0,0,0,0355,0,00,0,0355,0,00,0,00,
10/07/18 08:19, 10, 07, 08, 19,15.92588,19.35393,05,30,2,00,Thoron,15,9,19,,0,00,0,0,3,97,2,0,4,0,2,0,0709,0,00,0,142,0,00,0,0709,
10/07/18 08:49, 10, 07, 08, 49,7.96294,15.92588,05,31,0,502,Thoron,7,96,16,,0,00,0,0,1,99,2,0,1,0,3,0,0709,0,00,0,0355,0,00,0,106,
10/07/18 09:19, 10, 07, 09, 19,7.969987,15.93997,05,32,0,500,Thoron,7,97,16,,10,9,53,,2,03,2,1,1,0,0,0,0709,0,0355,0,0355,0,00,0,00,
10/07/18 09:49, 10, 07, 09, 49,7.96294,15.92588,05,33,0,500,Thoron,7,96,20,,0,00,0,0,1,98,2,0,1,1,0,0,0709,0,00,0,0355,0,0355,0,00,
10/07/18 10:19, 10, 07, 10, 19,13.28331,18.32826,05,34,1,50,Thoron,13,3,18,,0,00,0,0,3,44,2,0,3,0,1,0,0709,0,00,0,106,0,00,0,0355,
10/07/18 10:49, 10, 07, 10, 49,18.59664,20.34167,05,35,6,00,Thoron,18,6,20,,0,00,0,0,4,86,1,0,6,0,1,0,0355,0,00,0,213,0,00,0,0355,
10/07/18 11:19, 10, 07, 11, 19,15.92588,19.35393,05,36,2,00,Thoron,15,9,19,,0,00,0,0,3,97,2,0,4,0,3,0,0709,0,00,0,142,0,00,0,106,
10/07/18 11:49, 10, 07, 11, 49,15.92588,19.35393,05,37,1,00,Thoron,15,9,19,,10,9,55,,3,63,3,1,3,0,0,0,106,0,0355,0,106,0,00,0,00,
10/07/18 12:19, 10, 07, 12, 19,5.313325,14.51627,05,38,1,00,Thoron,5,31,15,,0,00,0,0,1,98,1,0,1,0,0,0,0355,0,00,0,0355,0,00,0,00,
10/07/18 12:49, 10, 07, 12, 49,13.28331,18.32826,05,39,0,667,Thoron,13,3,21,,0,00,0,0,2,81,3,0,2,1,1,0,106,0,00,0,0710,0,0355,0,0352,
10/07/18 13:19, 10, 07, 13, 19,15.93997,19.37106,05,40,1,00,Thoron,15,9,21,,10,9,55,,3,63,3,1,3,1,0,0,106,0,0355,0,106,0,0355,0,00,
10/07/18 13:49, 10, 07, 13, 49,29.22329,23.71922,05,41,1,75,Thoron,29,2,24,,0,00,0,0,5,25,4,0,7,0,0,0,142,0,00,0,248,0,00,0,00,
10/07/18 14:19, 10, 07, 14, 19,18.59664,20.34167,05,42,6,00,Thoron,18,6,20,,0,00,0,0,4,86,1,0,6,0,1,0,0355,0,00,0,213,0,00,0,0355,
10/07/18 14:49, 10, 07, 14, 49,0,10.62665,05,43,N/A,Thoron,0,00,10,,0,00,N/A,0,00,0,0,0,1,0,0,00,0,00,0,00,0,0355,0,00,
10/07/18 15:19, 10, 07, 15, 19,13.29508,18.34449,05,44,3,99,Thoron,13,3,18,,0,00,0,0,3,97,1,0,4,0,1,0,0355,0,00,0,142,0,00,0,0353,
10/07/18 15:49, 10, 07, 15, 49,15.93997,20.34167,05,45,2,50,Thoron,15,9,19,,0,00,0,0,4,44,2,0,5,1,3,0,0710,0,00,0,177,0,0355,0,106,
10/07/18 16:19, 10, 07, 16, 19,21.27213,21.27213,05,46,1,67,Thoron,21,3,21,,0,00,0,0,4,44,3,0,5,0,0,0,106,0,00,0,177,0,00,0,00,
10/07/18 16:49, 10, 07, 16, 49,15.95409,19.38822,05,47,0,00,Thoron,16,0,19,,32,8,70,,0,00,6,3,0,0,1,0,213,0,106,0,00,0,00,0,0355,
10/07/18 17:19, 10, 07, 17, 19,26.59016,22.95595,05,48,0,667,Thoron,26,6,23,,0,00,0,0,3,97,6,0,4,0,3,0,213,0,00,0,142,0,00,0,106,
10/07/18 17:49, 10, 07, 17, 49,21.27213,21.27213,05,49,1,00,Thoron,21,3,23,,0,00,0,0,3,97,4,0,4,1,0,0,142,0,00,0,142,0,0354,0,00,
10/07/18 18:19, 10, 07, 18, 19,23.93114,22.13512,05,50,1,25,Thoron,23,9,24,,0,00,0,0,4,44,4,0,5,1,1,0,142,0,00,0,177,0,0355,0,0351,
10/07/18 18:49, 10, 07, 18, 49,10.63606,17.20951,05,51,3,00,Thoron,10,6,17,,0,00,0,0,3,44,1,0,3,0,1,0,0355,0,00,0,106,0,00,0,0355,
10/07/18 19:19, 10, 07, 19, 19,10.64549,17.22477,05,52,3,00,Thoron,10,6,17,,0,00,0,0,3,44,1,0,3,0,0,0,0355,0,00,0,106,0,00,0,00,
10/07/18 19:49, 10, 07, 19, 49,10.64549,17.22477,05,53,0,333,Thoron,10,6,17,,0,00,0,0,1,98,3,0,1,0,0,0,106,0,00,0,0355,0,00,0,00,
10/07/18 20:19, 10, 07, 20, 19,7.984119,15.96824,05,54,2,00,Thoron,7,98,16,,0,00,0,0,2,81,1,0,2,0,0,0,0354,0,00,0,0710,0,00,0,00,
10/07/18 20:49, 10, 07, 20, 49,10.65494,17.24005,05,55,0,333,Thoron,10,7,17,,0,00,0,0,1,99,3,0,1,0,0,0,107,0,00,0,0356,0,00,0,00,
10/07/18 21:19, 10, 07, 21, 19,7.984119,15.96824,05,56,N/A,Thoron,7,98,16,,0,00,0,0,3,44,0,0,3,0,3,0,00,0,00,0,106,0,00,0,106,
10/07/18 21:49, 10, 07, 21, 49,13.30687,18.36076,05,57,1,50,Thoron,13,3,21,,0,00,0,0,3,44,2,0,3,1,2,0,0709,0,00,0,106,0,0355,0,0709,
10/07/18 22:19, 10, 07, 22, 19,10.64549,17.22477,05,58,1,00,Thoron,10,6,17,,0,00,0,0,2,81,2,0,2,0,0,0,0709,0,00,0,0709,0,00,0,00,
10/07/18 22:49, 10, 07, 22, 49,0,10.64549,05,59,N/A,Thoron,0,00,10,,0,00,N/A,0,00,0,0,0,0,0,0,00,0,00,0,00,0,00,0,00,
10/07/18 23:19, 10, 07, 23, 19,13.30687,19.40541,05,60,1,00,Thoron,13,3,20,,0,00,0,0,3,43,3,0,3,2,1,0,106,0,00,0,106,0,0709,0,0357,
10/07/18 23:49, 10, 07, 23, 49,5.322746,14.54201,05,61,1,00,Thoron,5,32,15,,0,00,0,0,1,98,1,0,1,0,1,0,0354,0,00,0,0354,0,00,0,0355,
10/08/18 00:19, 10, 08, 00, 19,13.31867,18.37705,05,62,1,50,Thoron,13,3,18,,0,00,0,0,3,45,2,0,3,0,1,0,0711,0,00,0,107,0,00,0,0357,
10/08/18 00:49, 10, 08, 00, 49,10.65494,17.24005,05,63,0,333,Thoron,10,7,20,,0,00,0,0,1,99,3,0,1,1,0,0,107,0,00,0,0356,0,0356,0,00,
10/08/18 01:19, 10, 08, 01, 19,10.65494,17.24005,05,64,3,00,Thoron,10,7,17,,0,00,0,0,3,45,1,0,3,0,1,0,0356,0,00,0,107,0,00,0,0356,
10/08/18 01:49, 10, 08, 01, 49,18.64614,20.39582,05,65,1,33,Thoron,18,6,20,,10,9,56,,4,26,3,1,4,0,0,0,107,0,0356,0,142,0,00,0,00,
10/08/18 02:19, 10, 08, 02, 19,7.991202,15.9824,05,66,0,500,Thoron,7,99,16,,10,9,53,,2,03,2,1,1,0,0,0,0712,0,0356,0,0356,0,00,0,00,
10/08/18 02:49, 10, 08, 02, 49,15.9824,19.42262,05,67,0,500,Thoron,16,0,19,,0,00,0,0,2,82,4,0,2,0,1,0,142,0,00,0,0712,0,00,0,0354,
10/08/18 03:19, 10, 08, 03, 19,10.65494,17.24005,05,68,3,00,Thoron,10,7,17,,0,00,0,0,3,45,1,0,3,0,1,0,0356,0,00,0,107,0,00,0,0356,
10/08/18 03:50, 10, 08, 03, 50,21.3288,21.3288,05,69,1,67,Thoron,21,3,21,,0,00,0,0,4,45,3,0,5,0,1,0,107,0,00,0,178,0,00,0,0356,
10/08/18 04:20, 10, 08, 04, 20,7.991202,17.24005,05,70,1,00,Thoron,7,99,15,,10,9,54,,2,91,2,1,2,1,0,0,0711,0,0357,0,0711,0,0357,0,00,
10/08/18 04:50, 10, 08, 04, 50,7.991202,15.9824,05,71,2,00,Thoron,7,99,16,,0,00,0,0,2,82,1,0,2,0,1,0,0356,0,00,0,0712,0,00,0,0356,
10/08/18 05:20, 10, 08, 05, 20,2.6661,12.87307,05,72,N/A,Thoron,2,67,13,,0,00,0,0,1,99,0,0,1,0,0,0,00,0,00,0,0356,0,00,0,00,
10/08/18 05:50, 10, 08, 05, 50,2.6661,12.87307,05,73,N/A,Thoron,2,67,13,,0,00,0,0,1,99,0,0,1,0,1,0,00,0,00,0,0356,0,00,0,0356,
10/08/18 06:20, 10, 08, 06, 20,5.332201,14.56784,05,74,1,00,Thoron,5,33,15,,0,00,0,0,1,99,1,0,1,0,0,0,0356,0,00,0,0356,0,00,0,00,
10/08/18 06:50, 10, 08, 06, 50,18.64614,20.39582,05,75,1,33,Thoron,18,6,20,,0,00,0,0,3,98,3,0,4,0,1,0,107,0,00,0,142,0,00,0,0356,
10/08/18 07:20, 10, 08, 07, 20,7.9983,15.9966,05,76,0,500,Thoron,8,00,16,,11,0,54,,2,05,2,1,1,0,0,0,0712,0,0356,0,0356,0,00,0,00,
10/08/18 07:50, 10, 08, 07, 50,7.9983,15.9966,05,77,0,500,Thoron,8,00,20,,0,00,0,0,1,99,2,0,1,1,1,0,0712,0,00,0,0356,0,0356,0,0356,
10/08/18 08:20, 10, 08, 08, 20,21.3288,21.3288,05,78,6,99,Thoron,21,3,21,,0,00,0,0,5,27,1,0,7,0,3,0,0356,0,00,0,249,0,00,0,107,
10/08/18 08:50, 10, 08, 08, 50,5.33694,14.58079,05,79,N/A,Thoron,5,34,15,,0,00,0,0,2,82,0,0,2,0,3,0,00,0,00,0,0712,0,00,0,107,
10/08/18 09:20, 10, 08, 09, 20,7.991202,15.9824,05,80,0,500,Thoron,7,99,16,,0,00,0,0,1,99,2,0,1,0,1,0,0712,0,00,0,0356,0,00,0,0356,
10/08/18 09:50, 10, 08, 09, 50,5.33694,14.58079,05,81,N/A,Thoron,5,34,15,,0,00,0,0,2,82,0,0,2,0,0,0,00,0,00,0,0712,0,00,0,00,
10/08/18 10:20, 10, 08, 10, 20,16.01082,19.45715,05,82,0,200,Thoron,16,0,19,,0,00,0,0,1,99,5,0,1,0,0,0,178,0,00,0,0357,0,00,0,00,
10/08/18 10:50, 10, 08, 10, 50,10.67388,17.2707,05,83,1,00,Thoron,10,7,17,,0,00,0,0,2,82,2,0,2,0,1,0,0712,0,00,0,0712,0,00,0,0356,
10/08/18 11:20, 10, 08, 11, 20,24.01623,22.21383,05,84,3,50,Thoron,24,0,22,,0,00,0,0,5,27,2,0,7,0,1,0,0712,0,00,0,249,0,00,0,0356,
10/08/18 11:50, 10, 08, 11, 50,18.67929,20.43209,05,85,0,400,Thoron,18,7,20,,0,00,0,0,2,82,5,0,2,0,1,0,178,0,00,0,0712,0,00,0,0356,
10/08/18 12:20, 10, 08, 12, 20,24.01623,22.21383,05,86,0,799,Thoron,24,0,22,,11,0,57,,4,32,5,1,4,0,2,0,178,0,0354,0,142,0,00,0,0713,
10/08/18 12:50, 10, 08, 12, 50,16.01082,19.45715,05,87,1,00,Thoron,16,0,19,,11,0,56,,3,67,3,1,3,0,2,0,107,0,0356,0,107,0,00,0,0714,
10/08/18 13:20, 10, 08, 13, 20,8.012532,16.02506,05,88,0,499,Thoron,8,01,16,,0,00,0,0,1,99,2,0,1,0,0,0,0712,0,00,0,0356,0,00,0,00,
10/08/18 13:50, 10, 08, 13, 50,21.36676,21.36676,05,89,3,00,Thoron,21,4,21,,0,00,0,0,4,88,2,0,6,0,3,0,0712,0,00,0,214,0,00,0,106,
10/08/18 14:20, 10, 08, 14, 20,21.36676,21.36676,05,90,0,599,Thoron,21,4,21,,0,00,0,0,3,45,5,0,3,0,1,0,178,0,00,0,107,0,00,0,0356,
10/08/18 14:50, 10, 08, 14, 50,13.35422,18.4261,05,91,3,99,Thoron,13,4,18,,0,00,0,0,3,98,1,0,4,0,1,0,0357,0,00,0,142,0,00,0,0354,
10/08/18 15:20, 10, 08, 15, 20,8.005409,16.01082,05,92,0,00,Thoron,8,01,20,,0,00,N/A,0,00,3,0,0,1,1,0,107,0,00,0,00,0,0356,0,0356,
10/08/18 15:50, 10, 08, 15, 50,21.36676,21.36676,05,93,0,333,Thoron,21,4,23,,0,00,0,0,2,81,6,0,2,1,0,0,214,0,00,0,0711,0,0356,0,00,
10/08/18 16:20, 10, 08, 16, 20,5.341689,14.59376,05,94,N/A,Thoron,5,34,15,,0,00,0,0,2,82,0,0,2,0,1,0,00,0,00,0,0712,0,00,0,0356,
10/08/18 16:50, 10, 08, 16, 50,13.41389,18.50843,05,95,0,667,Thoron,13,4,19,,0,00,0,0,2,84,3,0,2,0,0,0,108,0,00,0,0717,0,00,0,00,
10/08/18 17:20, 10, 08, 17, 20,24.0376,22.23359,05,96,2,00,Thoron,24,0,22,,0,00,0,0,4,88,3,0,6,0,0,0,107,0,00,0,214,0,00,0,00,
10/08/18 17:50, 10, 08, 17, 50,13.34235,18.40972,05,97,3,99,Thoron,13,3,18,,0,00,0,0,3,98,1,0,4,0,1,0,0357,0,00,0,142,0,00,0,0354,
10/08/18 18:20, 10, 08, 18, 20,5.346445,14.60676,05,98,N/A,Thoron,5,35,15,,0,00,0,0,2,83,0,0,2,0,0,0,00,0,00,0,0714,0,00,0,00,
10/08/18 18:50, 10, 08, 18, 50,18.71256,20.46847,05,99,1,33,Thoron,18,7,22,,0,00,0,0,4,00,3,0,4,1,0,0,107,0,00,0,143,0,0357,0,00,
10/08/18 19:20, 10, 08, 19, 20,16.03933,19.49181,06,01,0,500,Thoron,16,0,19,,11,0,55,,2,95,4,1,2,0,1,0,143,0,0357,0,0714,0,00,0,0357,
10/08/18 19:50, 10, 08, 19, 50,7.941875,15.88375,06,02,1,99,Thoron,7,94,16,,0,00,0,0,2,79,1,0,2,0,3,0,0354,0,00,0,0706,0,00,0,106,
10/08/18 20:20, 10, 08, 20, 20,15.86975,19.28572,06,03,1,00,Thoron,15,9,21,,0,00,0,0,3,43,3,0,3,1,0,0,106,0,00,0,106,0,0354,0,00,
10/08/18 20:50, 10, 08, 20, 50,15.88375,19.30273,06,04,4,99,Thoron,15,9,19,,0,00,0,0,4,42,1,0,5,0,0,0,0354,0,00,0,177,0,00,0,00,
10/08/18 21:20, 10, 08, 21, 20,18.53104,20.26993,06,05,0,400,Thoron,18,5,20,,0,00,0,0,2,80,5,0,2,0,1,0,177,0,00,0,0707,0,00,0,0353,
10/08/18 21:50, 10, 08, 21, 50,13.23646,18.26361,06,06,0,667,Thoron,13,2,18,,10,9,54,,2,92,3,1,2,0,1,0,106,0,0354,0,0707,0,00,0,0351,
10/08/18 22:20, 10, 08, 22, 20,5.303938,14.49063,06,07,0,00,Thoron,5,30,20,,0,00,N/A,0,00,2,0,0,1,0,0,0707,0,00,0,00,0,0353,0,00,
10/08/18 22:50, 10, 08, 22, 50,18.5474,20.28781,06,08,2,50,Thoron,18,5,20,,0,00,0,0,4,42,2,0,5,0,0,0,0707,0,00,0,177,0,00,0,00,
10/08/18 23:20, 10, 08, 23, 20,13.24814,18.27973,06,09,0,250,Thoron,13,2,18,,0,00,0,0,1,98,4,0,1,0,1,0,141,0,00,0,0354,0,00,0,0352,
10/08/18 23:50, 10, 08, 23, 50,7.948884,15.89777,06,10,0,502,Thoron,7,95,20,,10,9,53,,2,03,2,1,1,1,1,0,0706,0,0354,0,0354,0,0354,0,0352,
10/09/18 00:20, 10, 09, 00, 20,5.299256,14.47784,06,11,1,00,Thoron,5,30,14,,0,00,0,0,1,98,1,0,1,0,2,0,0353,0,00,0,0353,0,00,0,0707,
10/09/18 00:50, 10, 09, 00, 50,13.24814,18.27973,06,12,1,50,Thoron,13,2,18,,0,00,0,0,3,42,2,0,3,0,0,0,0707,0,00,0,106,0,00,0,00,
10/09/18 01:20, 10, 09, 01, 20,18.5474,20.28781,06,13,5,99,Thoron,18,5,20,,0,00,0,0,4,84,1,0,6,0,0,0,0354,0,00,0,212,0,00,0,00,
10/09/18 01:50, 10, 09, 01, 50,26.49628,22.8749,06,14,4,00,Thoron,26,5,23,,0,00,0,0,5,59,2,0,8,0,0,0,0707,0,00,0,283,0,00,0,00,
10/09/18 02:20, 10, 09, 02, 20,7.948884,15.89777,06,15,0,00,Thoron,7,95,16,,0,00,N/A,0,00,3,0,0,0,0,0,106,0,00,0,00,0,00,0,00,
10/09/18 02:50, 10, 09, 02, 50,7.948884,15.89777,06,16,2,00,Thoron,7,95,16,,0,00,0,0,2,80,1,0,2,0,1,0,0353,0,00,0,0707,0,00,0,0353,
10/09/18 03:20, 10, 09, 03, 20,15.91181,19.33684,06,17,1,00,Thoron,15,9,21,,0,00,0,0,3,42,3,0,3,1,1,0,106,0,00,0,106,0,0353,0,0353,
10/09/18 03:50, 10, 09, 03, 50,7.955906,15.91181,06,18,2,00,Thoron,7,96,20,,0,00,0,0,2,80,1,0,2,1,1,0,0353,0,00,0,0707,0,0353,0,0353,
10/09/18 04:20, 10, 09, 04, 20,23.84665,22.8749,06,19,2,33,Thoron,23,8,22,,0,00,0,0,5,23,3,0,7,1,2,0,106,0,00,0,248,0,0354,0,0703,
10/09/18 04:50, 10, 09, 04, 50,15.91181,19.33684,06,20,2,00,Thoron,15,9,19,,0,00,0,0,3,96,2,0,4,0,1,0,0707,0,00,0,141,0,00,0,0351,
10/09/18 05:20, 10, 09, 05, 20,15.92588,19.35393,06,21,1,00,Thoron,15,9,19,,0,00,0,0,3,44,3,0,3,0,1,0,106,0,00,0,106,0,00,0,0352,
10/09/18 05:50, 10, 09, 05, 50,13.25984,18.29588,06,22,1,50,Thoron,13,3,18,,10,9,55,,3,63,2,1,3,0,1,0,0707,0,0354,0,106,0,00,0,0351,
10/09/18 06:20, 10, 09, 06, 20,10.60788,17.1639,06,23,N/A,Thoron,10,6,17,,0,00,0,0,3,95,0,0,4,0,1,0,00,0,00,0,141,0,00,0,0353,
10/09/18 06:50, 10, 09, 06, 50,5.303938,14.49063,06,24,1,00,Thoron,5,30,14,,10,9,53,,2,03,1,1,1,0,3,0,0354,0,0354,0,0354,0,00,0,106,
10/09/18 07:20, 10, 09, 07, 20,5.303938,14.49063,06,25,N/A,Thoron,5,30,14,,10,9,54,,2,92,0,1,2,0,0,0,00,0,0353,0,0707,0,00,0,00,
10/09/18 07:50, 10, 09, 07, 50,10.61725,17.17908,06,26,0,333,Thoron,10,6,17,,0,00,0,0,1,98,3,0,1,0,0,0,106,0,00,0,0355,0,00,0,00,
10/09/18 08:20, 10, 09, 08, 20,15.92588,19.35393,06,27,0,499,Thoron,15,9,19,,10,9,54,,2,92,4,1,2,0,2,0,142,0,0354,0,0709,0,00,0,0709,
10/09/18 08:51, 10, 09, 08, 51,10.60788,17.1639,06,28,3,00,Thoron,10,6,17,,0,00,0,0,3,43,1,0,3,0,3,0,0354,0,00,0,106,0,00,0,106,
10/09/18 09:21, 10, 09, 09, 21,10.61725,17.17908,06,29,3,00,Thoron,10,6,17,,0,00,0,0,3,44,1,0,3,0,1,0,0355,0,00,0,106,0,00,0,0355,
10/09/18 09:51, 10, 09, 09, 51,15.92588,19.35393,06,30,0,500,Thoron,15,9,21,,0,00,0,0,2,81,4,0,2,1,0,0,142,0,00,0,0710,0,0355,0,00,
10/09/18 10:21, 10, 09, 10, 21,2.654314,12.81616,06,31,N/A,Thoron,2,65,13,,0,00,0,0,1,98,0,0,1,0,1,0,00,0,00,0,0355,0,00,0,0355,
10/09/18 10:51, 10, 09, 10, 51,7.96294,15.92588,06,32,0,00,Thoron,7,96,16,,0,00,N/A,0,00,3,0,0,0,2,0,106,0,00,0,00,0,00,0,0709,
10/09/18 11:21, 10, 09, 11, 21,15.92588,19.35393,06,33,0,500,Thoron,15,9,19,,10,9,54,,2,92,4,1,2,0,0,0,142,0,0355,0,0710,0,00,0,00,
10/09/18 11:51, 10, 09, 11, 51,13.29508,18.34449,06,34,4,00,Thoron,13,3,18,,0,00,0,0,3,97,1,0,4,0,0,0,0355,0,00,0,142,0,00,0,00,
10/09/18 12:21, 10, 09, 12, 21,15.93997,19.37106,06,35,2,00,Thoron,15,9,19,,0,00,0,0,3,97,2,0,4,0,2,0,0709,0,00,0,142,0,00,0,0709,
10/09/18 12:51, 10, 09, 12, 51,21.2533,21.2533,06,36,0,599,Thoron,21,3,21,,0,00,0,0,3,43,5,0,3,0,1,0,177,0,00,0,106,0,00,0,0354,
10/09/18 13:21, 10, 09, 13, 21,18.59664,20.34167,06,37,0,750,Thoron,18,6,20,,0,00,0,0,3,44,4,0,3,0,1,0,142,0,00,0,106,0,00,0,0355,
10/09/18 13:51, 10, 09, 13, 51,7.969987,15.93997,06,38,2,00,Thoron,7,97,16,,0,00,0,0,2,81,1,0,2,0,0,0,0354,0,00,0,0710,0,00,0,00,
10/09/18 14:21, 10, 09, 14, 21,15.93997,19.37106,06,39,0,500,Thoron,15,9,19,,10,9,54,,2,92,4,1,2,0,1,0,142,0,0355,0,0709,0,00,0,0355,
10/09/18 14:51, 10, 09, 14, 51,15.93997,19.37106,06,40,2,00,Thoron,15,9,19,,10,9,56,,4,27,2,1,4,0,2,0,0709,0,0354,0,142,0,00,0,0709,
10/09/18 15:21, 10, 09, 15, 21,21.29098,21.29098,06,41,0,143,Thoron,21,3,21,,0,00,0,0,1,98,7,0,1,0,1,0,248,0,00,0,0354,0,00,0,0354,
10/09/18 15:51, 10, 09, 15, 51,21.27213,21.27213,06,42,0,600,Thoron,21,3,21,,0,00,0,0,3,44,5,0,3,0,0,0,177,0,00,0,106,0,00,0,00,
10/09/18 16:21, 10, 09, 16, 21,21.23451,21.23451,06,43,1,67,Thoron,21,2,21,,0,00,0,0,4,44,3,0,5,0,0,0,106,0,00,0,177,0,00,0,00,
10/09/18 16:51, 10, 09, 16, 51,29.24917,23.74023,06,44,1,75,Thoron,29,2,24,,0,00,0,0,5,25,4,0,7,0,1,0,142,0,00,0,248,0,00,0,0357,
10/09/18 17:21, 10, 09, 17, 21,18.61311,20.35969,06,45,0,748,Thoron,18,6,20,,0,00,0,0,3,43,4,0,3,0,2,0,142,0,00,0,106,0,00,0,0709,
10/09/18 17:51, 10, 09, 17, 51,7.977047,15.95409,06,46,2,00,Thoron,7,98,20,,0,00,0,0,2,81,1,0,2,1,0,0,0355,0,00,0,0709,0,0355,0,00,
10/09/18 18:21, 10, 09, 18, 21,21.27213,21.27213,06,47,1,67,Thoron,21,3,21,,0,00,0,0,4,44,3,0,5,0,0,0,106,0,00,0,177,0,00,0,00,
10/09/18 18:51, 10, 09, 18, 51,26.59016,22.95595,06,48,1,50,Thoron,26,6,24,,10,9,58,,5,41,4,1,6,1,0,0,142,0,0353,0,213,0,0353,0,000426,
10/09/18 19:21, 10, 09, 19, 21,18.61311,20.35969,06,49,0,750,Thoron,18,6,20,,0,00,0,0,3,44,4,0,3,0,0,0,142,0,00,0,106,0,00,0,00,
10/09/18 19:51, 10, 09, 19, 51,15.95409,21.27213,06,50,0,400,Thoron,16,0,21,,0,00,0,0,2,81,5,0,2,2,1,0,177,0,00,0,0709,0,0709,0,0355,
10/09/18 20:21, 10, 09, 20, 21,5.318032,14.52913,06,51,N/A,Thoron,5,32,15,,0,00,0,0,2,81,0,0,2,0,1,0,00,0,00,0,0710,0,00,0,0354,
10/09/18 20:51, 10, 09, 20, 51,15.96824,19.40541,06,52,2,00,Thoron,16,0,19,,0,00,0,0,3,97,2,0,4,0,1,0,0710,0,00,0,142,0,00,0,0352,
10/09/18 21:21, 10, 09, 21, 21,10.64549,17.22477,06,53,3,00,Thoron,10,6,17,,0,00,0,0,3,44,1,0,3,0,1,0,0355,0,00,0,106,0,00,0,0355,
10/09/18 21:51, 10, 09, 21, 51,10.63606,17.20951,06,54,1,00,Thoron,10,6,17,,0,00,0,0,2,81,2,0,2,0,0,0,0709,0,00,0,0709,0,00,0,00,
10/09/18 22:21, 10, 09, 22, 21,7.984119,15.96824,06,55,0,00,Thoron,7,98,16,,0,00,N/A,0,00,3,0,0,0,0,0,106,0,00,0,00,0,00,0,00,
10/09/18 22:51, 10, 09, 22, 51,5.318032,14.52913,06,56,1,00,Thoron,5,32,20,,0,00,0,0,1,98,1,0,1,1,0,0,0354,0,00,0,0354,0,0354,0,000106,
10/09/18 23:21, 10, 09, 23, 21,18.62961,20.37774,06,57,0,401,Thoron,18,6,20,,0,00,0,0,2,81,5,0,2,0,0,0,177,0,00,0,0710,0,00,0,00,
10/09/18 23:51, 10, 09, 23, 51,15.96824,19.40541,06,58,1,00,Thoron,16,0,19,,0,00,0,0,3,44,3,0,3,0,1,0,106,0,00,0,106,0,00,0,0352,
10/10/18 00:21, 10, 10, 00, 21,18.62961,21.29098,06,59,1,67,Thoron,18,6,20,,0,00,0,0,4,44,3,0,5,1,2,0,106,0,00,0,177,0,0355,0,0706,
10/10/18 00:51, 10, 10, 00, 51,15.96824,19.40541,06,60,1,00,Thoron,16,0,19,,10,9,55,,3,63,3,1,3,0,0,0,106,0,0355,0,106,0,00,0,00,
10/10/18 01:21, 10, 10, 01, 21,10.65494,17.24005,06,61,1,00,Thoron,10,7,17,,0,00,0,0,2,82,2,0,2,0,1,0,0712,0,00,0,0712,0,00,0,0356,
10/10/18 01:51, 10, 10, 01, 51,13.31867,18.37705,06,62,0,667,Thoron,13,3,18,,0,00,0,0,2,82,3,0,2,0,3,0,107,0,00,0,0712,0,00,0,107,
10/10/18 02:21, 10, 10, 02, 21,5.327468,14.55491,06,63,N/A,Thoron,5,33,15,,0,00,0,0,2,82,0,0,2,0,0,0,00,0,00,0,0712,0,00,0,00,
10/10/18 02:51, 10, 10, 02, 51,7.991202,15.9824,06,64,0,500,Thoron,7,99,16,,10,9,53,,2,03,2,1,1,0,1,0,0712,0,0356,0,0356,0,00,0,0356,
10/10/18 03:21, 10, 10, 03, 21,10.65494,17.24005,06,65,1,00,Thoron,10,7,17,,0,00,0,0,2,82,2,0,2,0,1,0,0712,0,00,0,0712,0,00,0,0356,
10/10/18 03:51, 10, 10, 03, 51,10.64549,17.22477,06,66,1,00,Thoron,10,6,17,,0,00,0,0,2,81,2,0,2,0,3,0,0710,0,00,0,0710,0,00,0,106,
10/10/18 04:21, 10, 10, 04, 21,15.96824,19.40541,06,67,1,00,Thoron,16,0,21,,0,00,0,0,3,44,3,0,3,1,1,0,106,0,00,0,106,0,0355,0,0355,
10/10/18 04:51, 10, 10, 04, 51,7.991202,15.9824,06,68,1,99,Thoron,7,99,20,,0,00,0,0,2,81,1,0,2,1,2,0,0357,0,00,0,0711,0,0357,0,0711,
10/10/18 05:21, 10, 10, 05, 21,2.663734,12.86165,06,69,N/A,Thoron,2,66,13,,0,00,0,0,1,99,0,0,1,0,1,0,00,0,00,0,0356,0,00,0,0356,
10/10/18 05:51, 10, 10, 05, 51,0,10.65494,06,70,N/A,Thoron,0,00,11,,0,00,N/A,0,00,0,0,0,0,0,0,00,0,00,0,00,0,00,0,00,
10/10/18 06:21, 10, 10, 06, 21,10.6644,17.25536,06,71,1,00,Thoron,10,7,20,,0,00,0,0,2,82,2,0,2,1,0,0,0712,0,00,0,0712,0,0356,0,00,
10/10/18 06:51, 10, 10, 06, 51,10.6644,17.25536,06,72,1,00,Thoron,10,7,17,,0,00,0,0,2,82,2,0,2,0,0,0,0712,0,00,0,0712,0,00,0,00,
10/10/18 07:21, 10, 10, 07, 21,15.9824,19.42262,06,73,1,00,Thoron,16,0,19,,0,00,0,0,3,45,3,0,3,0,0,0,107,0,00,0,107,0,00,0,00,
10/10/18 07:51, 10, 10, 07, 51,10.6644,17.25536,06,74,3,00,Thoron,10,7,17,,0,00,0,0,3,45,1,0,3,0,1,0,0356,0,00,0,107,0,00,0,0356,
10/10/18 08:21, 10, 10, 08, 21,13.3305,18.39337,06,75,4,00,Thoron,13,3,21,,11,0,57,,4,30,1,1,4,1,1,0,0356,0,0356,0,142,0,0356,0,0356,
10/10/18 08:51, 10, 10, 08, 51,7.9983,15.9966,06,76,0,00,Thoron,8,00,16,,11,0,53,,0,00,3,1,0,0,1,0,107,0,0356,0,00,0,00,0,0356,
10/10/18 09:21, 10, 10, 09, 21,16.01082,19.45715,06,77,2,00,Thoron,16,0,21,,0,00,0,0,3,98,2,0,4,1,0,0,0712,0,00,0,142,0,0356,0,00,
10/10/18 09:51, 10, 10, 09, 51,29.45791,23.90965,06,78,1,75,Thoron,29,5,24,,0,00,0,0,5,28,4,0,7,0,1,0,143,0,00,0,250,0,00,0,0360,
10/10/18 10:21, 10, 10, 10, 21,7.9983,15.9966,06,79,0,500,Thoron,8,00,16,,0,00,0,0,1,99,2,0,1,0,1,0,0712,0,00,0,0356,0,00,0,0356,
10/10/18 10:51, 10, 10, 10, 51,18.64614,20.39582,06,80,2,50,Thoron,18,6,22,,0,00,0,0,4,45,2,0,5,1,1,0,0711,0,00,0,178,0,0356,0,0356,
10/10/18 11:21, 10, 10, 11, 21,5.33694,14.58079,06,81,1,00,Thoron,5,34,15,,11,0,54,,2,05,1,1,1,0,0,0,0356,0,0356,0,0356,0,00,0,000107,
10/10/18 11:51, 10, 10, 11, 51,7.991202,15.9824,06,82,0,502,Thoron,7,99,16,,10,9,53,,2,03,2,1,1,0,2,0,0711,0,0357,0,0357,0,00,0,0711,
10/10/18 12:21, 10, 10, 12, 21,8.005409,16.01082,06,83,0,500,Thoron,8,01,16,,0,00,0,0,1,99,2,0,1,0,1,0,0712,0,00,0,0356,0,00,0,0356,
10/10/18 12:52, 10, 10, 12, 52,10.6644,17.25536,06,84,2,99,Thoron,10,7,20,,0,00,0,0,3,45,1,0,3,1,1,0,0357,0,00,0,107,0,0357,0,0354,
10/10/18 13:22, 10, 10, 13, 22,13.34235,18.40972,06,85,1,50,Thoron,13,3,18,,0,00,0,0,3,45,2,0,3,0,0,0,0712,0,00,0,107,0,00,0,00,
10/10/18 13:52, 10, 10, 13, 52,18.67929,20.43209,06,86,1,33,Thoron,18,7,20,,0,00,0,0,3,98,3,0,4,0,1,0,107,0,00,0,142,0,00,0,0356,
10/10/18 14:22, 10, 10, 14, 22,8.005409,16.01082,06,87,0,500,Thoron,8,01,16,,0,00,0,0,1,99,2,0,1,0,1,0,0712,0,00,0,0356,0,00,0,0356,
10/10/18 14:52, 10, 10, 14, 52,13.34235,18.40972,06,88,1,50,Thoron,13,3,18,,0,00,0,0,3,45,2,0,3,0,0,0,0712,0,00,0,107,0,00,0,00,
10/10/18 15:22, 10, 10, 15, 22,10.68338,17.28607,06,89,0,333,Thoron,10,7,17,,0,00,0,0,1,99,3,0,1,0,0,0,107,0,00,0,0356,0,00,0,00,
10/10/18 15:52, 10, 10, 15, 52,21.36676,21.36676,06,90,0,333,Thoron,21,4,21,,0,00,0,0,2,82,6,0,2,0,2,0,214,0,00,0,0712,0,00,0,0712,
10/10/18 16:22, 10, 10, 16, 22,13.35422,18.4261,06,91,1,50,Thoron,13,4,18,,11,0,56,,3,66,2,1,3,0,1,0,0712,0,0356,0,107,0,00,0,0354,
10/10/18 16:52, 10, 10, 16, 52,18.67929,20.43209,06,92,1,34,Thoron,18,7,22,,0,00,0,0,3,98,3,0,4,1,1,0,107,0,00,0,143,0,0356,0,0356,
10/10/18 17:22, 10, 10, 17, 22,29.37929,23.84584,06,93,1,20,Thoron,29,4,24,,0,00,0,0,4,88,5,0,6,0,0,0,178,0,00,0,214,0,00,0,00,
10/10/18 17:52, 10, 10, 17, 52,13.35422,18.4261,06,94,0,667,Thoron,13,4,18,,0,00,0,0,2,82,3,0,2,0,3,0,107,0,00,0,0712,0,00,0,107,
10/10/18 18:00, 10, 10, 18, 00,10.31625,49.81125,06,95,0,00,Thoron,10,3,50,,0,00,N/A,0,00,1,0,0,0,1,0,139,0,00,0,00,0,00,0,139,
